"date","T150","T50","T29","T108","T91","T110","T59","T38","T120","T23"
"Transform:",1,1,1,1,1,1,1,1,1,1
"4/1/1991",-0.000234906838170437,-0.000183579345582694,8.15481315727057e-05,-0.00234505107103516,4.65470170783844e-05,0.000115198431691456,0.000179094726500805,0.00247004163805354,9.25910739322636e-05,-0.000303907902273917
"5/1/1991",1.42015642704588e-05,-2.50166436412272e-05,-0.000108199624161416,-0.00155752891042737,0.00023102990370176,0.000367682319821817,0.000183223289049188,0.00107555368033766,7.73316652803953e-05,-0.00126788750476424
"6/1/1991",-0.000279483957099236,-0.000803415027761525,-0.000438704290350411,-0.0011472149641945,-8.74640455286087e-05,9.20846534637108e-05,-4.85584498572933e-05,0.000320073057971001,-0.000372109896511191,-0.001322649296347
"7/1/1991",-0.000240968500084539,-0.00061505044194118,5.61678147388512e-05,-0.00179063026617062,-0.000534532841853888,-0.000464904514259657,-0.000196706946812644,0.000598575357746059,-0.000799719388460754,-0.000280823318668496
"8/1/1991",-0.000246571158412684,-0.000858140284808705,0.000883326750803469,-0.000954573019938485,-0.000153918591272382,-0.000741961935842196,-0.00020169587833456,0.000328618490066113,-0.000504707634215067,-0.000195539541751695
"9/1/1991",-0.000321623180813866,-0.000534232656902626,-0.000225525702457518,-0.00283642406704213,-0.000917442572875759,4.48072211053327e-05,-9.34160539610885e-05,-0.000247461310519915,-0.000780766299151934,-0.000732689911198774
"10/1/1991",-0.000136294567675524,-0.000570611369292121,-0.000242714847028545,-0.00138572953298748,-0.000690724757594604,-0.000522901613420949,-0.000487591141873093,0.000814514314429869,-0.00127416092933467,-0.00105587828077687
"11/1/1991",6.32101621798753e-05,-0.00126713270625492,-0.000213189308155906,-0.00167635148686927,-0.000992672957643984,-0.000471681256961679,-0.000267143789662634,0.000159799120771657,-0.00114646708080099,-8.36309239834512e-05
"12/1/1991",-7.85865640467865e-05,-0.00115430798741778,-2.20674129589234e-05,-0.00127734169231014,-0.000337854037017435,-0.00029458301197355,-0.00013939148480111,-0.000806037607710551,-0.000773247884262821,0.000971265789663008
"1/1/1992",-0.000267105142896526,-0.000934542910364864,-0.000518186535089543,-0.000954949193901277,0.000560714318976859,-0.000780860592382321,-0.000252260826835232,-0.000681804351933754,0.00036571410723749,-0.000244521967123411
"2/1/1992",-0.000112855924108685,-0.00171400274741368,-0.000126018835600394,-0.000757354747823507,0.00125367076805796,0.000115481744584449,-0.000162772401685826,0.000144010858406108,0.000246441386120869,-0.000242561223568013
"3/1/1992",1.17673329355411e-06,-0.000836433189429494,0.00047342511229431,0.00090945454991584,-6.50402904369041e-05,0.000162310693292966,-0.000514171890926198,0.000919994975365071,0.000104893590304832,0.000511014413404628
"4/1/1992",-9.56009928108489e-05,-0.000159973777563825,0.000708349793091302,-0.00111792726108095,-0.000760183119721745,-0.000333998314349626,-0.000539818566767782,0.000517758146961094,0.000103351276147817,-0.000439451433890763
"5/1/1992",-0.000209061008670069,-7.62105089262651e-05,4.52006635949662e-06,0.000139193489172395,-0.00111154549815973,-0.000936840654994807,-0.000563678411291689,0.00087199636254874,-0.00032754650204896,-0.00133754044108813
"6/1/1992",-0.000224759275672375,-0.00111925479108756,-0.000535272363363374,0.000418417014738302,-0.000771113900950745,-0.00097642168350708,-0.000774390730876798,0.000249804890447173,-0.00110798355918136,-0.000880284764333826
"7/1/1992",-0.000342212311100511,-0.00079005873898543,-0.000184886933780952,0.000878629575917281,-0.000396952067960077,-0.00145370525870345,-0.00102774208838443,0.000770229473895049,-0.000598160712172988,0.000271892417134427
"8/1/1992",-0.000541910552233284,-0.000632765659855026,-0.000334517384697304,0.00276997037456492,0.00090824455828295,-0.00117345158676438,-0.000224348235846942,0.00064606350037708,-0.000806259156693975,-6.77791136930876e-05
"9/1/1992",-0.000670546258490153,0.00172342456782741,-0.000918091628236939,0.000464672360419527,0.000620868263232608,-0.000653396842063513,0.000214707890898482,0.00142687529775991,-0.000857042637329607,-0.000366352961454833
"10/1/1992",-0.00047155321812619,0.00217835227060895,-0.000708483999743195,0.00267580342041984,0.000307264388025632,-0.000413007468414382,-0.000962370309000222,0.000756548986391146,-0.00129476068960754,-0.000949131929084491
"11/1/1992",-0.000626922054926433,0.000712983615204295,-0.000488699803289359,0.0068635782492417,0.000548576753480838,-0.00127551661738653,-0.00104068513017867,0.000530075869068762,-0.000250363238166062,-0.000725310280216716
"12/1/1992",-0.000725219305688242,0.000508545993229729,-0.000283458991862317,0.00223824963319789,0.000326858479433285,-0.00177659799836437,-0.00091698897956804,0.000758856290698495,-0.000435812064765665,0.000491170408998889
"1/1/1993",-0.000596121472918052,0.000300005519490776,-0.000490962929455923,0.00589506434829508,0.000257339699672288,-0.00139499680362295,-0.00113266212274648,0.000226658268007254,6.17283176522485e-05,-0.000979445325361403
"2/1/1993",-0.000605141797101644,0.00194233286053983,-0.000787025393504701,0.00426208711294977,0.00159903036264147,-0.00102568236701406,-0.000408174981934703,0.000538588556485613,0.000250524098191695,-0.000991929980382109
"3/1/1993",-0.000731937458476198,0.00260998232164769,-0.000782183052366072,0.00101518012611359,0.00104345554225108,-0.00141092758171094,-0.000689853044988818,0.000905459238307102,0.000230138199199751,-0.000916080202829594
"4/1/1993",-0.00090648151479207,0.001223353369487,-0.000637044709271487,0.0015395343062657,-9.97711820710804e-05,-0.00146307004725165,-0.00134531081798876,-0.000364370172815607,-0.000949353073050391,-0.00142475542708858
"5/1/1993",-0.000819757995979728,0.00059625235232916,-0.000637965333473813,4.65812373989463e-05,0.000871652258039935,-0.00117237800056008,-0.00091494503006075,-0.000121082090197252,-0.000515081613090487,-0.00114170441572219
"6/1/1993",-0.000922647325012874,0.000385302561407203,-0.000829975454528823,-0.000907478895979432,4.3253730259506e-05,-0.00204810081030531,-0.000734489953842434,-0.000251444210996732,-0.000571922571352411,-0.000364432321311549
"7/1/1993",-0.000850508141869595,0.000725162366841181,-0.00088355530835931,-0.000488078725796119,0.000797327042221984,-0.00156618838430854,-0.00151411553373499,-0.000320315512347353,-0.000327871978088641,0.00100391033374925
"8/1/1993",-0.00131974288023134,0.00146822071735198,-0.00121956431018757,-0.00123084855758309,0.00227668038494585,-0.001785078166876,-0.000746565288613561,-0.000980147557164219,-0.000996156870448537,0.00314190608873259
"9/1/1993",-0.00141708295420364,0.000454064826469669,-0.00146991735337312,-0.00231022192314841,0.00114830161017558,-0.000850307466027277,-0.00153069824989414,0.000731019931722711,-0.00131707829452475,0.00185168842823887
"10/1/1993",-0.00155448831114482,0.000342266676921795,-0.00124243251738366,0.000125853364070629,-0.000113275992735135,-0.00136858805422649,-0.00186292259629653,0.000297452246180217,-0.00169571060816769,0.00111508943467944
"11/1/1993",-0.00162020175070907,-0.000167440846594957,-0.000964363720694704,-0.00106272186167153,-0.00016034551111269,-0.00118823931455752,-0.00186209954379526,0.000296677450765019,-0.00162994569393411,-0.000894538513523344
"12/1/1993",-0.00149583255814199,0.000960677667365789,-0.000949337402666968,-0.00221171170747098,-0.000537641842509942,-0.00231368135700045,-0.00167912486969923,0.000410323323925486,-0.00132476136867526,-0.0010016391746353
"1/1/1994",-0.000489483978624022,2.51010414671724e-05,-0.000214431738697498,-0.00020245253004301,-4.76131058600224e-05,-0.00137938160504719,0.000783011668217174,-0.000249854363075546,0.000816286190354123,9.71756188989425e-05
"2/1/1994",0.000875306187047451,-7.69799183619117e-05,0.000612525246663942,0.000107342435217874,-0.000419791874902978,0.00087301283406142,0.00373421024177673,-0.000535082938389446,0.00151932486891037,-0.000168365813791934
"3/1/1994",0.00139031199748176,0.000335159978429828,0.00026444608542954,-0.000366100777324009,-0.000821096663522672,0.0014939546363041,0.00218272597378086,-0.000537750177414498,0.000762923394182714,-0.000274244181446209
"4/1/1994",0.000560933105824904,0.000139842413246838,0.00119843796132036,-0.00200388378626591,-0.000427371946610735,0.00232710804225213,0.00119150490115083,-0.000958178664366868,0.000317119471985705,0.000506537845306366
"5/1/1994",0.00101576733398907,-0.000641955380583312,0.00187179531724044,-0.00100566258011418,-0.000435652216277166,0.00306642882907984,0.00189726298594217,-7.09283175418744e-05,0.0013395879787986,0.00195729508783984
"6/1/1994",0.00100801622976957,-0.000892641021338751,0.000427258593973828,-0.000635269105542177,-0.000242017713592237,0.00228180714470606,0.00208366236974852,-0.000626504742208134,0.00117530284407328,0.000676858232760824
"7/1/1994",0.000859239105436252,-0.00018048381419402,0.000242652168743868,-0.000812555622923918,-0.000516887861045657,0.000993201406148705,0.00102997833501632,-0.000716759152270903,0.00156238150894667,0.000480434117962473
"8/1/1994",-0.000131520069287142,-0.00142750706404063,0.000804452106745847,0.000267203814477062,2.32918678097397e-05,0.000728541913050784,0.00143020058372094,-0.000595909608686777,0.00174054111664094,0.000617844704589202
"9/1/1994",-1.81386362530086e-05,-0.00121557047697175,0.000154369918961665,0.000972558367488393,-8.95564549207807e-05,0.0020937075629552,0.00169840482378664,-0.000143892880888794,0.00151195568976303,0.000875923239522558
"10/1/1994",0.000649626803994802,-0.000649900972797292,3.95343275781308e-05,0.000544413501695873,-0.000577598891352171,0.00399826038274539,0.000953642965978196,-0.00057173914860862,0.00116336082168851,0.000673414089326666
"11/1/1994",0.000975449151892639,-0.000874451589982906,0.000443955248029638,0.00113810874671108,-0.000368567758653194,0.00308869679233425,0.000254669335681696,-0.000780170993634145,0.00120700416965165,-8.55916148212361e-05
"12/1/1994",0.000127425807365352,-0.00079135833700627,0.000586967958448692,-3.30511259034284e-06,-0.000178847400481347,0.000943413269631912,1.87805518201466e-06,0.000201549046392845,0.00122391970148742,-0.000287959539158161
"1/1/1995",-6.88527942748914e-06,0.000500574596759078,-0.000419285445790815,-0.000422573047300325,-0.000135774518423643,-0.000741286557412617,0.000786345397266665,-0.000406292483027244,0.00203958203944165,-0.000921189000164638
"2/1/1995",0.000727118136197393,0.000218046864577461,0.000838891829895721,-0.000949363334166932,-0.000320039330256997,-0.000347435050631848,0.000856877983496457,-0.000432458196890328,0.000550905053903194,-0.000304264096746597
"3/1/1995",0.00106111053391345,0.00117564512136846,0.00173397344014848,-0.000830677763873965,-8.04367336057731e-05,0.000209602788097816,0.00110573664394954,-0.00061817017545184,0.000471737675352438,0.000974738127030876
"4/1/1995",0.000688943225294262,-0.000118726504705748,0.000999884758001006,-0.000988130805676152,-0.000485860507122593,0.00170329950268309,0.000715201630335828,-0.000872084422719952,0.000553156755118715,-0.000381087103615171
"5/1/1995",0.00133764757915427,-0.000625679021939161,0.000170977343670592,-6.6080886490477e-05,-0.000653443399574666,0.00145642584899839,6.63254514639064e-06,-0.000344630072025867,3.1754484486862e-05,-0.00065972442667943
"6/1/1995",0.000949503684688129,-0.000191396341346331,0.000331435161518265,-0.000579961995908497,-0.000918248469703495,0.000994965305634158,-7.43702690605466e-05,-0.0001708835903055,-0.000186434148965164,-0.000990866026498848
"7/1/1995",0.000233302554828416,-0.000870273619476308,0.000152113869243961,-0.00151503937676843,-0.000249115580263117,0.000750569442249488,-0.000176762645681002,1.11974797489078e-05,-0.000501356716209979,-0.00120950337343512
"8/1/1995",-0.00104398382655647,-0.0010097077260961,0.000724787252950502,-0.000482843127303504,0.000746819171162178,-0.000601014048969938,0.000308914305333064,-0.000733750759593835,0.000341197546056865,-5.02870414697503e-05
"9/1/1995",-7.46637410298275e-05,-0.00103073044417254,0.000411699274304413,-0.00212193869587745,0.000482263247778207,0.00135937706448175,0.000334632392827497,-0.000234429975307616,-0.000247937169710002,-0.000269749803644329
"10/1/1995",0.000268649126281771,0.0004603590455852,0.00043452246392456,-0.00177732167242145,-0.000569032435430214,0.00401716627386163,-0.000342414370384205,0.000355353862109015,-0.000804545549933471,0.000102015050891564
"11/1/1995",0.000288522658541254,0.000362865166397443,0.00102158011320523,0.000471358503946,-0.000422051203480546,0.00336306971744208,-0.000330264073825407,4.69655058252697e-05,-0.000295821243242774,8.32427330816368e-05
"12/1/1995",-0.000307893116826404,-0.00086897991549309,-0.000324960753639024,0.000936597973527191,-0.000394666396827188,0.000444808257605344,-0.000463839239090492,-0.000459038465561834,0.000989689476160263,0.000855345935148345
"1/1/1996",-0.00133662966188524,-0.000602242476982519,-0.000986536917869601,0.00306957508319923,-0.000464826235360822,-0.000841375769922138,0.000155030187146969,0.000170488957907163,0.00207670915592132,-0.000361063090409677
"2/1/1996",0.000242824364722003,0.000162184074903577,-0.000734655110421385,0.000891147312608735,0.000435012750894772,-0.0009598700156226,0.000605709733685834,0.000444741610014706,3.11403411822244e-05,0.00177821211005849
"3/1/1996",0.000556968628886977,0.000807318155061473,-3.6972988755168e-06,0.00235330535147287,-0.000398558916960809,-0.00050286817126831,-0.000296528905056583,-5.74000679701349e-05,0.000126035644934198,0.00500987830266967
"4/1/1996",-0.000496432838842601,0.000446873404823233,0.000590117206637288,2.25568383051986e-05,-0.000437000105384367,-0.000517438829116342,-0.000513509797762717,-0.000157582496380375,-8.91334566082193e-05,0.00193422100684691
"5/1/1996",0.0010095349581952,-0.000295384806346191,-0.00051575547951082,-0.00125868539973056,-0.000790784261817562,0.00157349967438085,-0.000184316980313368,-0.000370348143059527,-4.05329956242143e-05,0.00100435516021334
"6/1/1996",0.00073084998759037,-0.000554859238087757,-0.000143384303690143,-0.000872965615293301,-0.000153910706466561,0.000224095948388317,-0.000113006848569011,-0.000255463167564514,-0.000142838689157139,0.000438034591373189
"7/1/1996",-0.000129057102246696,-0.00020461100537521,-0.000473395982850094,-0.00023849451177776,-0.000364721859368056,-0.000913483516904719,0.000120227460714876,-0.00074326485590714,1.79177400911707e-05,0.000708645248934775
"8/1/1996",-0.000970609290138609,-1.23984407448082e-05,-0.00056342411732378,0.00249673720986929,-0.000208745864471715,-0.00110337365909541,-0.000180290962809155,-0.000617991048922628,-9.08899701905673e-05,0.000467319774548106
"9/1/1996",-0.000679018402975271,-0.000314632113560979,-0.000762600105831531,0.00273198905964057,-0.000212762199093971,-9.79560647034324e-06,0.000315301488949879,-6.35080476125451e-05,0.000846157474484935,-0.000812047263007115
"10/1/1996",1.86968065052089e-05,-0.000603194768660617,-0.000572792410217354,-0.000166589305297308,-0.000335840412143438,0.00167736374720319,0.000495500689866044,0.000429144472416038,-0.00018273143986705,0.00115032516042608
"11/1/1996",-0.000567612449290693,-0.00109141318132791,0.000723488218599602,0.00168037080912311,0.000200576197795524,0.00120272218999924,-0.000389694317304285,0.000221576071865548,-0.000526902251575357,0.00187222604161264
"12/1/1996",-0.000877939642859944,-0.00157564199020866,-0.000882417067224707,-0.00169133839020132,-0.000118087862630918,-0.000755619694502396,-0.000537750121199495,-0.000143483779288342,0.000156735843594985,0.000245850388658796
"1/1/1997",-0.00104408326690428,-0.000991164247040759,-0.000907064090752756,-0.00154311742348414,-2.66132010991191e-05,-0.00214611202686904,-6.01589295203129e-05,3.40510867653637e-05,0.000761846207251216,-0.000174975275462415
"2/1/1997",0.000347993825766469,-0.00101537622833223,-0.000328187217127217,-0.0011177213693142,0.000659695299680875,-0.00124220911963646,2.50748424474556e-05,4.86827575391555e-05,-0.000823522661585908,8.71874812061278e-05
"3/1/1997",0.000875011953508447,-0.000114744510926863,-0.000399387206760815,-0.00138054388484017,0.000865502354042325,-0.0015569869229816,0.000365573298800876,0.00030451136174034,-0.00108968069813361,-0.000627293234440622
"4/1/1997",0.000539327887581574,-0.000794709825529362,0.000824585684201759,-0.000822901129573167,0.000996490067110086,-0.000588827515796148,0.000849092757023819,0.00033497690712044,-0.00147500738974044,4.831876783485e-05
"5/1/1997",0.000668534559530371,-0.00222540636817496,4.80708450627659e-05,-0.0013076790868696,0.000374185904085531,0.00046220252995535,0.00119501273014872,1.20922037716585e-05,-0.00117081851568557,-0.00087359923518341
"6/1/1997",0.000438254211506027,-0.00203423872655167,-6.49791970712844e-05,-0.00184466919555696,0.000314248722127419,7.1885859029497e-05,0.00134250956782201,0.000285179101564734,-0.00171149013297153,-0.000958303067728553
"7/1/1997",0.000261364859275987,-0.0025563425583726,-0.000415110825177277,-0.00134810255012649,-0.000642623217556463,-0.000610543961552884,0.000898829087961961,-0.000353274487004552,-0.000904406178134561,-0.00136249174233002
"8/1/1997",-0.000896148891708108,-0.00156777288597097,0.00183931395645224,-0.00164030718199451,-0.000587107066689107,-0.000399511764629157,0.000851841138404326,-0.000412508472281124,0.000173034661759486,-0.000153181686098394
"9/1/1997",-0.000144666434290366,-0.000654288777089784,0.00022210756412837,-0.00234351048632749,0.000260898266459225,0.0024300872951591,0.00107907064834168,2.50104505193689e-05,0.00121491111956932,-0.000491218019722032
"10/1/1997",0.000722390631691846,-0.000948483871825577,-4.78509655672694e-05,-0.00195518361310109,-0.000655305864605411,0.00214485718761201,-1.89676676657716e-05,7.05841506452491e-05,-0.000301441612475426,-0.000452130211274181
"11/1/1997",7.78606396282208e-05,0.00276946918096015,0.000181894792226866,-0.000774388900628904,-0.000993472067195348,0.00196252211065045,0.000552014452876032,0.000102819084635687,-0.000586122126595961,-0.000418542832759105
"12/1/1997",-0.000445313917743134,0.00187127921466752,0.000878489015867068,-0.00210559149261134,-0.000318822103794485,-0.000435230099906716,0.000991088822186975,0.000192269857529343,8.0540586906332e-05,0.00101823141828805
"1/1/1998",-0.000493644698555155,0.00286245357812238,7.95212863581068e-05,-0.000802396279477469,0.000101346962629421,-0.00118617985938905,-2.46861681130117e-05,9.43972227538845e-05,0.0011828645927888,0.000100685635610871
"2/1/1998",0.000647229844752528,0.00323626728808427,9.21783311740937e-05,0.00601258234568728,0.000429308030719356,-0.00110270702125949,4.8112893486099e-05,0.000294082081171108,-0.000380954284051757,-0.000635029771535806
"3/1/1998",0.00117698521225127,0.000689747005501788,-0.000169802308238479,-6.34121335409239e-06,-0.000115299019487606,-0.000816085227679063,-0.000261290995355579,-5.98886549392091e-05,-0.000812979727387025,-0.00111576343938489
"4/1/1998",0.000747881901417797,-0.000802091884562148,0.000400090261951689,-0.000963625598594367,0.000222077471896382,-0.000640612312950091,-0.000635837949549378,-0.000497101669712532,-0.000416257932449229,-0.00106002223799172
"5/1/1998",0.000566857840102697,-8.84902997784257e-05,-0.000560572832964904,-0.000457811622683733,-0.000249922595535854,0.000482414992381094,-0.000476378185657074,-0.0005184260850847,-0.000837997444540463,-0.00151782285260254
"6/1/1998",-4.51125038371846e-05,0.00117654967346605,-4.16850127802448e-05,-0.000539480174559032,-0.000373047538920589,0.00013192748931552,-0.000756073713148704,-0.000269469077185055,-1.92107621895918e-05,-0.00108857139608419
"7/1/1998",0.000365850376192336,0.000466524936813512,-0.000463883429687948,5.68036086204055e-05,-0.000582000199396938,-0.000318654096639952,-0.000784560251308987,0.000219094440866429,0.000306610705911175,-0.000411191059849453
"8/1/1998",-0.00020034916278988,0.00148102215932847,-0.000315575589233951,0.00397053103341601,0.000335232374318735,-0.00112151981385789,-0.000313692534588626,-0.000123208421384582,0.000667780230728863,-0.000420903408108467
"9/1/1998",-0.000729596435639758,0.00870658203050037,-0.00063941376595991,0.00508097929752787,0.000113093121956871,0.00050057419869531,-0.000521348286618727,-0.000109940854285908,0.00128591046961831,0.000631532532450022
"10/1/1998",-0.000949190546732808,0.00538316029558416,-0.000472406796070554,0.00331696247251775,-7.62799490299568e-05,0.00122664324644924,-0.00104585131455897,0.000199724488018467,0.000380595857974686,-3.62035342846343e-05
"11/1/1998",-0.000579646804488523,0.00131752676504793,0.000966425747652436,0.00193733992566228,-0.000574942884687663,0.0012993207892466,-0.000921784554800387,-0.000325935860924522,-0.000164629139482784,0.000207344208973968
"12/1/1998",-0.000490433099690161,0.000366247408528208,0.000278996016853798,0.00318824899132799,-0.00129281335194706,-0.00124108481145925,-0.000273035402569687,0.000268491932076867,-0.000212134763550486,3.30308300999723e-05
"1/1/1999",-0.00112837849782079,5.83983840658218e-05,-0.00106910796651445,0.00459883887824866,-0.000607452561997394,-0.00183409282854685,-0.00177953923049982,0.000358144180766186,0.000669889283827744,0.00197183823567079
"2/1/1999",0.000893273114031137,0.00122199696229455,-0.000919046754738414,0.00313906950604591,-9.42485471491799e-05,-0.00135347676796626,-0.00129958787574261,0.000396549737058847,-0.000366915401833335,-0.00042652327351231
"3/1/1999",0.000596880713903122,0.000528549347467032,-0.000171556248724591,-0.00164671170182121,0.000288606096953751,-0.000504218685390722,-0.00153877434738825,0.000510719217526346,-0.000561501509267574,-0.00142734137342415
"4/1/1999",0.000355022649628766,0.000446386259108246,0.000109128084626072,-0.00208764559197604,0.000887486667756434,0.000644293827062364,-0.00129252961404113,0.000302693216691445,-0.00160294569091801,-0.0015417330887612
"5/1/1999",0.00147764513261845,-0.00115909446936983,-0.000653584296850164,-0.00131590518724697,6.10718889650669e-05,0.00202390917856246,7.32993847703209e-05,0.000278005902737616,-0.00114745777772962,-0.0015299381051673
"6/1/1999",0.000893153592775027,-0.00119558959299212,-0.0009103197721964,-0.00266134989221096,-0.000103556631540607,0.000706271757964824,0.000305680703434761,0.000106360657883726,-0.000960747398730415,-0.00156146291698943
"7/1/1999",0.00038894638088036,-0.00203135505015197,-0.00114401290348765,-0.00217466785414098,-0.00049430523681891,-0.000153099165587627,0.000651666182857735,-0.000143828182687625,-0.000833748419705874,-0.00131196003302217
"8/1/1999",0.000200699663999109,-0.00161935314102734,0.000579129705385694,-0.00257942816782486,0.000866964808788731,-0.000404479347082809,0.00271188999748841,-0.000506812005229841,-0.000529768238848675,-0.000780430743744351
"9/1/1999",0.000912257902179105,-0.00149912255811215,0.00135827418794616,-0.00351927035472776,0.000259216378487521,0.000655963665451146,0.00352879267605291,8.3507907985544e-05,-0.0013156617122518,0.000125694375253306
"10/1/1999",0.00161697182962789,-0.00090046112473357,-5.53851789854034e-05,-0.00353787247299819,0.000146592937104326,0.00224569657112534,0.00261842469039482,-0.000194233367084106,-0.00171902734606039,-0.000249281254981623
"11/1/1999",0.00104674515498183,-0.00228219055960305,0.000867138415270408,-0.00286048241150099,-0.00012902797203945,0.00284813964910712,0.000822625724425689,0.000255574478284225,-0.000946309677427286,0.00110971012317595
"12/1/1999",0.000630207387332373,-0.00256628917260081,0.000131610177077753,-0.00321965171800257,0.000132668216489424,8.90705486064043e-05,-8.96257266951487e-05,-2.30188334905156e-05,-0.000312813440982517,0.00577716815724512
"1/1/2000",6.31075383137905e-05,-0.00262462725615876,-0.000445993151799739,-0.00268295492202996,0.000297156280795241,-0.0010544357541133,0.000202697706394634,0.000246605751011209,0.000700223302408744,0.000560018073107559
"2/1/2000",0.0011738626764396,-0.00149468419332202,-0.000905149286373008,-0.000952585267800037,0.00126574301528107,-0.000575478698114879,0.000249386216367174,-0.000250645948260283,-0.0027880777168115,-0.000212370647607209
"3/1/2000",0.00260649181310647,-0.00230412200207888,0.00267657607454474,-0.000206400493378996,0.000921576417555368,0.000830320705591789,0.000479151728148223,-0.000403202198134978,-0.00330674875115926,-0.00070859646370621
"4/1/2000",0.00139420388999404,-0.00136995239469561,0.00318909788151913,-0.00122828281190119,8.18193717608585e-05,0.00143011194390117,0.000370231357848341,-0.000119498707203057,-0.00308787284421002,-0.00116761035681434
"5/1/2000",0.000812119947419344,-0.00111546502522554,0.000403282963427893,-0.00183566379648758,-0.000194042791536601,0.000251800858681838,-0.000141988865907868,0.00021552102571964,-0.00244048676637961,-0.00161324473244544
"6/1/2000",0.00131143952605634,-0.00284847923308238,-8.93497866138481e-05,-0.00120527989522056,-0.000521809730589976,0.00040642089402236,-0.000576172316925434,-0.000346235627410572,-0.00248050054411663,-0.00199053610956433
"7/1/2000",0.000600114235345166,-0.00362318493090617,0.000596713835114318,-0.00194083337605924,5.66249992589927e-05,2.94212592946305e-07,-0.00096681963525084,-8.78527590430892e-05,-0.00217640026158447,-0.0018842998772873
"8/1/2000",-0.00074225096791376,-0.0037294206873135,0.00138108412209565,0.00313576135955441,0.000217987016633272,-6.84104565864497e-06,0.00019993956003049,-0.000444447512066589,-0.00164914814757063,-0.00127517904953639
"9/1/2000",-0.00105825226134312,-0.00331836381790711,0.000150079643472479,-0.000696962027588448,0.000524098589208735,0.000522811723376149,-0.000436649873753042,9.95493037869206e-05,-0.000961356285626127,-0.00172780407979094
"10/1/2000",-0.000161732581861396,-0.00102638722749429,-0.000887580132020963,-0.00198745332552537,-0.000758444414138023,0.0023550037905087,-0.000670567302768711,-0.000293094762624055,-0.00227316290445552,-0.00155522081660261
"11/1/2000",-0.000338740873277935,-0.00130906193859642,-0.000706308928338147,0.00535915728831171,-0.000388983320246378,0.00189367030660483,-0.000826000091691206,0.000407753552580449,-0.00214959692756358,-0.00123793356250743
"12/1/2000",-0.000664473419755997,-2.05982769723382e-05,-0.000959991588718459,0.00825881954753346,-0.000481895074170988,0.000106355224439697,-0.000902320756400518,0.000524794854671965,0.000207671368462421,-0.00136580411581692
"1/1/2001",-0.00139390460576862,0.000594980139841973,-0.000925503436825788,0.00414165524245745,0.000393574439591982,-0.00111278439680552,-0.000529540668029643,0.000339051577144073,0.00316205350824545,-0.00209536254946492
"2/1/2001",0.000290543416689833,0.000458737777405402,-0.000711339242000203,0.00139010363634415,1.12562680555664e-05,-0.000498837644046428,-0.000661785001451484,-7.87368534807267e-05,0.00119729155993022,-0.00177479271857075
"3/1/2001",0.00125875581712022,0.00168985680411875,-0.000453325985635753,0.000502199723625336,-0.000367166978290648,-0.00025831911840981,-0.000639789679309648,4.87650712926667e-05,0.00155191066969451,-0.00151123611241972
"4/1/2001",0.00135835107183825,0.00163038901635484,0.0019880116919742,0.000805703808278078,-0.00107773193885055,0.000201284165862017,-7.86361573090731e-05,-0.000296649910827781,0.00220191285323949,-0.00141445381571636
"5/1/2001",0.000255199285397214,-0.000811209079800528,-0.000542420936838506,0.000642367417007348,-0.00072465263563966,0.000291031541051268,-8.94971790957731e-05,-0.000389530784270165,0.00265337201736529,-0.00181371104385374
"6/1/2001",-5.05998671021834e-05,-0.0010009978743456,-0.00070510195321268,0.00143927695624196,-0.000700158757912037,-0.000965612771623831,-0.000140161362003664,-0.00014686587259289,0.000140251890447916,-0.00212151136147803
"7/1/2001",-0.000809748353201907,0.00053389105559499,-0.00163056454317214,-0.000806418159080572,-0.000195151003106779,-0.00113306972157923,-0.000957386038039995,0.000151486617795901,0.00305364143581258,-0.00116505432382802
"8/1/2001",-0.00101384373474089,0.00150252017166411,0.000999875257691585,-0.000355436938100523,-4.01430843673262e-05,-0.000529172620131665,-0.000226732547587389,-0.000142429810075982,0.00415073455726649,-0.00213483287374865
"9/1/2001",-0.00197013905824795,0.00406670238800054,-0.000409187953244489,0.000209219345796105,0.000322490659911474,-0.000511872379583176,-3.76188781586515e-05,3.47752216513476e-05,0.00337930037579115,-0.00187631272210582
"10/1/2001",-0.00249773618433615,0.00700053231452499,-0.000421148129533776,0.00477300687053556,0.000952509291151796,-0.000968934971184953,-0.000165978475476956,-3.20625746376871e-05,0.00319436363459231,-0.000219863306683888
"11/1/2001",-0.00246068434556229,0.00414356174616141,0.000282032719575169,0.00104294161338141,0.000631634312527473,-0.000443907700560696,-1.7443331530572e-06,0.000289001646604134,0.00398212834004038,8.00177595056641e-05
"12/1/2001",-0.00143665787565449,0.00204669787225538,0.000715213524034986,-0.00175332582690872,0.000627457887829098,-0.00127358060022502,4.3128589949567e-05,0.000162351191248789,0.00365062162501153,0.00102287253641109
"1/1/2002",-0.000226331582192959,0.000703587172363069,-0.000730401018755579,-0.00183581244164435,0.000164398283833675,-0.00112935856206356,0.00106662765417265,0.000134652609904968,0.00205136881531896,-0.000870164479179844
"2/1/2002",-0.000118024513534737,-0.000387884307602402,0.00107949636380101,0.000654716916789222,0.000877855144917822,-0.00108021466971609,0.000359257759756052,0.000380754914538063,0.000126758015634597,0.000566285030214788
"3/1/2002",0.000309169613926306,-0.00101007261456233,0.000460201702313458,-0.000420864198715889,0.000733531597199261,-0.000377680978702786,1.11832903270899e-05,0.000268545132871557,-4.15455112941652e-06,0.00230821384830429
"4/1/2002",-0.000812477672312024,-0.00110297375849251,0.000896342099202965,-0.00068902565565249,-7.80249872055885e-05,-0.000848931659552446,0.000542403513553909,-0.000441301664856614,-0.000727345480846691,0.0100892842168267
"5/1/2002",-0.000382945688761201,-0.000801234132018703,0.00160013884062126,-2.44660951068499e-06,-0.000302843779437203,-0.00135615999209406,0.000685141164246827,0.000145722741281305,0.000183957711698713,0.00420906680153915
"6/1/2002",-0.00018448895792004,-0.000252122840355528,9.44771889276358e-05,0.000681412583351976,0.000204830671576754,-0.00119093595341254,0.000419871507137738,-0.000700980431832957,-0.00149857721020859,0.00458737475939789
"7/1/2002",-0.000821505032749277,0.00327989741347519,-0.000817191588679897,-0.000935365251271119,0.000212323760309383,-0.000475563408553093,-0.000276706137225677,-0.000994699650946202,-0.000482420208820128,0.00981926683906487
"8/1/2002",-0.001293395939018,0.0051002548266004,0.00155241835660331,-0.000892218365844404,0.000634240024823479,-0.000793974432488029,-0.000552495288632699,-0.00033950125316611,0.00202072808255146,0.00557819566292193
"9/1/2002",-0.000784699228651817,0.00189782176363081,-0.000305285174313282,-5.61375161047178e-05,0.000358432374684064,-0.000547614820254627,-0.00065838127060963,0.000143529789765206,0.00210388396150298,0.00453878702567178
"10/1/2002",-0.00155285031051679,0.00383397743709914,0.000903591540654208,0.0011811254624434,0.00155796061035792,-0.00074628760397065,-0.00035422641182445,0.000592501225977112,0.00111441614271395,0.00345301689226879
"11/1/2002",-0.0013186848616926,0.0023092281417025,0.00133047127721596,0.000437839589995806,0.000358601690102795,-0.00136457277635678,-0.000995689720228037,0.000575264909873306,-0.000254542681677067,0.00156215491418759
"12/1/2002",-0.000370672808299725,0.000780533317947367,0.000573532533845594,-0.00161923919499975,-0.000214616370223445,-0.00126318917805023,-0.000610956088568704,1.95042201416787e-06,-0.000992000614887916,0.00215067387375866
"1/1/2003",-6.94785282984963e-05,0.00159938569366384,-0.00107522861834152,-0.00092946270936243,-0.000121128082340367,-0.00104926329124486,0.000373703929660541,9.59716623919822e-05,0.00033776508679729,0.000244189523701602
"2/1/2003",0.000928163725118621,0.00324121273331068,0.000551779933537619,-0.000856644131455354,0.000795911018895388,-0.00174129794108133,0.000107711189792219,-0.000164761919447819,-0.000385330224518319,-0.000612601692612935
"3/1/2003",0.000726395116654619,0.00573593618419358,0.00114199780311639,-0.0010398188151476,0.000794812954022079,-0.000313794725485993,-0.000612303668746828,0.000103426943797425,-0.00138434059263283,-0.000809032078737643
"4/1/2003",-0.000690256461023216,0.00395854767168951,-0.000982758838190304,-0.000975952284238513,0.000476158454722344,-0.000637573736065057,-0.000344371756483164,7.69026810019291e-05,-0.00239206822871466,-0.000147907710579753
"5/1/2003",-0.0002697627150676,0.00188538941498704,-0.000246977035062545,-0.000815510092828778,-5.38783501484292e-05,-0.000929534458343851,-0.000702830161438263,0.000442305643373245,1.39906252351318e-06,-0.000434928269988124
"6/1/2003",-0.000585618874243696,0.00122198859705703,-0.000692636236913892,-7.19232453905556e-05,0.000331732339873959,-0.00101327655816964,-0.000450841784497109,0.000171769761662796,0.000607395126708173,-0.000742221288669978
"7/1/2003",-0.000868030252940634,-0.000165649076112952,-0.000853836967349869,-0.000584574396410736,0.000931818661558496,-0.000762304869554067,0.000380512255039348,0.000411479490887867,0.000580560754443171,-0.000106246002863905
"8/1/2003",-0.000696491053507832,-0.0014076685650414,0.000574048663614693,0.000397198029389999,0.000570354932516405,-0.000902696804883364,0.000307460613274938,0.000509704412901565,0.00248519097797948,-0.000306478313237289
"9/1/2003",0.000104901579686936,-0.00169258694544979,-0.00123767341403117,-0.00108114791972865,-3.70140599325488e-05,-1.51755378739034e-05,0.000724863151573002,0.000481888727556631,0.00277335368349075,-0.00113392743751523
"10/1/2003",-0.000375523202998258,-0.00160764625738702,-0.000372439160231313,0.000580180824157535,0.000309637878654345,0.000107403403783295,0.000747146018595557,8.95705573165847e-05,0.00102602262013542,-0.000897145152579234
"11/1/2003",-0.00021150876080773,-0.000627738333677859,0.000680470534374611,-0.000302730884368722,-0.000262230818582223,-0.000353744070725213,-0.000205923098757412,-0.000150593063015569,0.00170536531020584,-0.000162515542093099
"12/1/2003",-0.00110010369866568,-0.000919589213354893,-0.000438881928031938,-0.00122507300523589,-0.000492551479909936,-3.72884946611727e-05,-0.000812559842840339,-0.000349490510799358,0.00168335774300002,-0.000164919929170559
"1/1/2004",-0.000770424786583366,-0.00200977339250358,-0.000521510559305948,7.80455100041185e-05,-0.000251822421809091,-0.000516119487727422,-0.000340552385179102,-0.000191992151297036,0.00103220067359729,-0.00100735854482379
"2/1/2004",-0.000260754151075403,-0.00163583731590466,-0.000350058599010181,0.00367637955952109,0.000827323648229671,4.9336477553209e-05,-0.000579518455954737,0.000151520713348878,-0.000231088861386826,-0.00160859761710134
"3/1/2004",0.000774372596059945,-0.0013874417958289,-0.000404491408568568,0.00188664674392846,0.000514206145396859,0.00119249780735235,-0.00022856823941427,0.000285341904017683,-0.000703771041664027,-0.00102562938840562
"4/1/2004",-9.81407060608186e-05,-0.0013092358905639,-0.000674965073012943,-0.000342564750133796,0.00011417921919405,0.00136543771824892,-1.39847414987285e-05,-9.08350531869662e-05,-0.000109535389123551,-0.00147587049600438
"5/1/2004",0.000248006073703863,-0.00162752595711311,0.000680625411070831,0.000574286959096597,0.000759527841954829,0.00126105398458289,-0.00035830530785386,0.000306404732678807,0.00134479225502766,-0.00148244362468045
"6/1/2004",0.000765326636429759,-0.00103087785863388,0.000543635420213125,0.00199920537056332,-9.01782485918819e-05,0.000884849282013871,-0.000704481382042207,-0.000123192605673366,-0.000288244670635675,-0.000879886775398839
"7/1/2004",0.000526174171102682,-0.000334121451156588,-0.000840910411617675,0.000156917119529743,-0.000397486514977616,0.00150000489004065,-0.00101349039962226,-0.000100881428564969,-0.000456839075298075,-0.000537784767895989
"8/1/2004",0.000246427785944237,-0.000381607044825724,0.00132634242637263,0.00147952804091406,-0.000248436437773765,-0.00105761122033587,-0.000446547590409993,-0.000321534187950734,0.00228150671902953,-0.00122253773169952
"9/1/2004",-0.000361029429446999,-0.000352408289647471,0.000129009746870945,0.002504119122217,-0.000398286333438131,0.000161108353787514,-0.00016412933542693,-0.000227187630500719,0.0013198878838289,-0.000611799341450488
"10/1/2004",0.000390781210326491,0.000506776136259894,0.000822224355413108,0.000846397074268329,-0.000481331767814444,0.00215926944277548,0.000354077583815598,-0.000194515005786731,0.000739086522482956,0.00050610043722934
"11/1/2004",-0.00030757317753714,6.09697366984064e-05,0.000481516256087735,0.0067621077916754,0.000535466103372271,0.00200160711802317,-5.17758853573867e-05,0.00023926658320501,0.00138934026120773,-0.000916544033747435
"12/1/2004",0.000234022755984963,-0.00167110353171473,-0.000128806966128938,-0.000641740350498038,0.000101922464632159,-8.09848098990474e-06,0.0011144916725801,-0.000455120440743985,0.000623488717992496,-0.000106525013449274
"1/1/2005",6.45183604794715e-05,-0.0016246311762133,-0.000317808319720722,-0.00161733260943895,-0.000271917158716699,-0.000841164468561216,0.00107484186469354,8.07581122903078e-05,0.000498777269196197,-0.00012181273679304
"2/1/2005",0.00144023352661229,-0.00202193427190716,0.00116653002625876,0.000717801367963969,-0.000497393737130009,-0.000168359693370594,-0.000912188144200091,-0.000173335609080836,-0.000669593023793352,0.00316621023659866
"3/1/2005",0.00217433206312181,-0.00122347866603015,8.64189362102757e-06,-0.000395266399668126,-0.00131212371397936,0.000845475384260227,8.54075372526289e-05,-0.000199888269710402,-0.00032637588092051,0.00101956754067274
"4/1/2005",0.00164702875624422,-0.000262833546773253,-0.000995600214516599,-0.0024532422410033,-0.000408830784586791,0.000567443596492025,-0.000918442818495834,-0.000105415039375114,-0.00162080557095682,0.00140447505451541
"5/1/2005",0.000901271428886114,-0.000325281630514757,-0.000528640097380636,-0.00152947852689423,4.12972909263627e-05,-9.707393911358e-05,-0.000915459919583774,-0.000493288283057426,0.000491536128528501,-0.000746792885308602
"6/1/2005",0.000456525174502977,0.000540110520267434,0.00214900607702489,-0.00113158740918838,0.000897416978014707,0.000465886266555908,-6.33169140134763e-05,-0.000600920308486776,-0.000859445824438756,0.000159557633322363
"7/1/2005",0.00012299077939308,-5.73499168000978e-05,0.000620849765248565,-0.000714934085476503,-0.000351339782409057,-0.000218159611632336,0.00021826342007672,-0.000801491109318623,-0.000891354070450121,-0.000768412207889133
"8/1/2005",0.000237678431138483,-0.00133815130022068,0.00128490447955296,-0.00215943252990812,5.16468785838198e-05,-0.00117238812433582,0.000292223787501818,-0.000311164459337796,-0.000298340222856112,-0.000793043228749045
"9/1/2005",-3.06973178326964e-05,-0.00121575724720614,2.46907929463226e-05,-0.000829462668811649,-3.09652706766073e-05,0.00112913166866054,0.000795490427906878,0.000272631285374893,0.00038791147882306,-0.000770516606429518
"10/1/2005",0.000867125768383646,-0.00161437757776644,-0.000700282400723219,-0.00113483998037817,0.000347243496152031,0.00182384269666609,0.00024776780443151,0.000381100264964917,-0.00143482428455288,0.000612619797235787
"11/1/2005",0.000859572913677542,-0.000814715725337152,0.00128494882730759,0.000341338400425557,-0.000175957876080298,0.000944872678975049,0.00118541113809644,0.000248087131832946,-0.000643708738292172,0.000286863524713178
"12/1/2005",0.0010422843220608,-0.00177055456293303,0.00205886181641987,-0.0006924784738527,-0.000622895787032634,-0.000553845954276802,0.000851911578123618,-0.000465849214044342,-0.000660286174325629,-0.0011167335458578
"1/1/2006",0.00103618822382629,-0.00159859297732027,1.3712140708368e-05,-0.000751793740628252,-0.00152794628273514,-0.00093363419162613,0.000381227109850025,-0.000417831166945607,0.0012815166469028,-0.00132265392421922
"2/1/2006",0.00197158260885909,-0.00211451042050981,2.90698043995276e-05,-0.00154126719445658,-0.000997941332879828,-0.00042243047959425,-0.000398607234918157,-0.000199359915304073,-0.00153363197975253,-0.00134636282071242
"3/1/2006",0.00313054341543037,-0.0028471655839382,-0.000474279337582113,-0.00166099483208965,-0.000344661283398604,0.000711535146435222,-0.000775299963643941,-0.000517845432665173,-0.00181114052419672,-0.00114720054762261
"4/1/2006",0.00233942976989553,-0.00292049292601355,8.8102384779502e-05,-0.0018055764680732,-0.000337751871990503,0.00115442013117958,0.0004362635284341,8.30621889010766e-05,-0.00239539811446165,0.000202557459746273
"5/1/2006",0.00129879690335613,-0.00245395577514631,-0.00146335091043136,-0.000141628496293778,-0.000449714853438455,0.00191755191139594,0.00104174126966799,1.09740384904087e-06,-0.000647941323028595,-0.000923127780057221
"6/1/2006",0.000615264081637533,-0.00217299594962544,-0.001871486131362,-0.000847022968234314,5.99859115751991e-05,0.0014002460990974,0.000181117955181814,0.000388463809582812,-0.00185630378200311,-0.000782947793966066
"7/1/2006",0.000337873517277007,-0.0016840699829568,-0.00159753739151101,-0.000990391168120949,-0.000847802518016828,-0.000485555473123352,0.000131670818943525,0.000401899470509803,-0.00218866586614111,-0.0013189568276085
"8/1/2006",0.000521971569087487,-0.00178097128337396,-0.000638645204764012,-0.00207171977204969,-0.00110714378947229,-0.00134303493776391,0.00133484288098806,1.70979350555005e-05,-0.000109982602156207,-0.000971703247223326
"9/1/2006",0.000774393435199041,-0.00315635134248609,-0.00154792794739685,-0.00232616991696019,0.000463011442512664,0.00078443616807819,0.00164250253377112,-5.14881980416711e-05,-4.17024746434283e-05,-0.00159341169039671
"10/1/2006",-0.000281319611190008,-0.00222485087742331,-0.00253472368784888,-0.00153968226506929,0.000698057057099977,0.00249410588086704,-0.00028632766751181,0.000994972521948938,-0.00151827905367694,0.000415874310785154
"11/1/2006",3.60215866388746e-05,-0.00364897139311208,-0.00125905747882494,0.00117359800302035,0.000376196484803403,0.0014133741811634,0.000258263654388726,0.000569763173332378,-0.000836987227349394,-0.000118636585191562
"12/1/2006",-0.000420683256412705,-0.00439525193314057,-0.00274573394936925,-0.000548968208065717,0.000307809311339849,-0.00130812490412448,-0.000684672139512516,0.000141680509454192,-0.000131931623917302,-0.000712588321312007
"1/1/2007",0.000350003702998854,-0.00450304985259772,-0.00311754652698718,0.000425464928238832,-0.000467828501637101,-0.00145075435150098,-0.00126186888641784,-0.000192526091512629,0.000279000198056462,-0.000200211874499688
"2/1/2007",0.00228814185596297,-0.00459426385148962,-0.0017546788294522,0.000349046886426451,-0.000260149708275274,-0.001197318290253,-0.00049669572086462,-0.00015799964881843,-0.00150072589432779,-0.00146930456093391
"3/1/2007",0.003710560697847,-0.00398331324527392,-0.00155153659439069,-0.000893153729021813,-0.000237643356434192,0.000110573445798241,-0.000672830965971774,-0.000312550273711859,-0.0015730338804119,-0.00169227786272618
"4/1/2007",0.00156176888592993,-0.00501648626595643,-0.00060343810486982,-0.00171750374942692,-1.54782515388879e-05,0.000438907786711893,-0.000964912395743775,-0.000724413604451341,-0.00139290610582059,-0.002097190278746
"5/1/2007",0.000859937200530732,-0.00579738846972247,0.000149686228430067,-0.0015032102979934,0.000294616284674034,0.000510581173674871,-0.000137881868920234,-0.000282008292274959,-0.00101935196298277,-0.00287710242520742
"6/1/2007",0.00066087736377891,-0.00642616426917566,-0.00197024101584181,-0.000141851096733878,-0.000387566422595555,0.00106666321301265,-0.000257089148452057,5.37259179031941e-05,-0.00223031003701669,-0.0016189522790419
"7/1/2007",-4.33841386905651e-05,-0.00513100821385103,-0.00167003416575053,-0.00199960312259462,-0.000218725113672415,-0.000342245094995911,0.000499359450718009,-0.000326235724794254,-0.00224710794737612,-0.00210604394900842
"8/1/2007",-0.000417016750921944,0.00255705359021891,-7.08971437746346e-05,-0.00149460157872568,-0.000491753556380879,-0.00129703246879196,0.000512738575331183,2.69899224957854e-05,-0.00114537135508626,-0.00208788366557103
"9/1/2007",-0.00036410135244848,0.00392958044350369,-0.00121502220857869,-0.00127546308692145,0.000561153031647294,0.00170271642761041,-0.000384669747023043,-8.4414650642868e-07,-0.00148745395168661,-0.00193347892494301
"10/1/2007",0.000347516225407689,-0.000622309475736283,-0.000818628363069092,-0.00234892417411592,-0.000380315153783705,0.00277864331220125,0.000436500529924313,-0.000306291859265983,-0.00102998815763622,-0.00325141039716521
"11/1/2007",0.000247581742205938,0.000151714891534986,-0.000215952351678932,-0.00167123585389579,-0.000967231703247896,0.00102835407599101,0.00116991474518882,7.13979232116127e-06,-6.78619732049754e-05,-0.00395394195358412
"12/1/2007",0.00109536473939143,-0.000522462427704264,-0.00211482395628003,-0.00195165503265143,-0.000718365665296646,-0.000851411810125536,0.00108913116189084,-0.000119110144940503,-0.000353035636536795,-0.00220151582744575
"1/1/2008",0.000276993053064351,-0.000374761018264478,-0.0020957853890233,0.00297676560931836,-0.000505234524854027,-0.00160699287793668,0.00111556086933603,-0.000400452558108251,0.00176696678775937,-0.00243686652222871
"2/1/2008",0.000987424913404998,0.00345164482155941,-0.000118806752990002,0.00471473036494043,0.000271339683825541,-0.00161327275206593,0.000965284402424938,-0.000214095421846773,0.000110473357664787,-0.00284553355134345
"3/1/2008",0.00100906251508887,0.000714981658621045,-0.000900810905339541,0.00103731211095493,-8.37350868913855e-06,-0.000336744493000164,0.000808204149537229,-0.000498399754862336,-0.00230883893454817,-0.00305599736083205
"4/1/2008",-0.00030767982348228,0.00353805238590936,-0.000292357183081731,-0.000167318208861265,0.000852336822931737,-0.000266315076605466,0.000389797180294229,-1.83465323850216e-05,-0.00153893577039072,-0.0025496933804259
"5/1/2008",0.000287407214480961,-0.000386096230737987,-0.000261001809769188,0.00106380942444944,-7.01727859574768e-05,0.000770539768519728,-0.00022761122165932,-0.000326946461883256,-0.00131031268893442,-0.00446806961913864
"6/1/2008",0.000173743591110095,-0.00281734798801802,-0.00133631173062833,0.00337466444567555,0.000164986571346115,0.00114001376477498,-0.000775570196600417,0.000218343667235394,-0.00142893713522129,-0.00486651288379681
"7/1/2008",-1.97677845404471e-05,-0.00152144833360499,-0.000460597154086599,0.00139165128545172,0.000671375007832008,-0.000428895029030439,0.000208799695733487,0.00085051757130735,-0.00143889646349637,-0.00401792352428351
"8/1/2008",-0.00158184380023167,-0.000242421681835578,-0.000640469675437675,0.00264420076891313,0.000777870528388816,-0.00125075625195785,0.000390667516655738,-0.000290637771662966,0.00206606533344082,-0.00307161012259299
"9/1/2008",-0.00161127111141651,0.00125181253329788,0.00486614178922074,0.00517125847752229,0.000637880833156653,-0.000195370246131394,0.000342559690588262,-0.000334088283486848,0.000560324590862927,-0.00104817236505453
"10/1/2008",-0.00215938817942649,0.0167904449881781,0.00964648440105014,0.00391955286884757,0.00103102320911761,-0.00015196355022673,-0.000559397209138252,0.000397835585579551,-2.19859376861514e-05,0.00819056151126884
"11/1/2008",-0.00243765673857574,0.0150342107140506,0.00377903285648461,0.00756442591643778,0.000902907228376756,-0.000406357749395511,-0.000366904656646613,0.000816718547359988,0.00392587815376314,0.00380071554457645
"12/1/2008",-0.00314637710235974,0.01045779848233,0.000693558838923904,0.00235868013414536,0.000612894707467516,-0.00108710981817325,-0.00063061759601827,0.000575872193487782,0.00567405440313881,0.00425111623642625
"1/1/2009",-0.00339657280363407,0.00903097946738412,0.00197414600226295,0.00196483536399768,-0.00052586409022606,-0.0017404355054178,-0.000929567399511324,0.000953561637765038,0.00330032921281507,0.0036055601182604
"2/1/2009",-0.00289590272553847,0.00939941191353078,0.00410944614859884,0.00397634905983906,0.00048207118698006,-0.00176424265878417,-0.000597673779878719,0.000939141776160118,0.00155817773934075,0.00563906311602347
"3/1/2009",-0.001565314065675,0.00870190696086664,0.00374596762326734,0.000783756541326147,0.000291521934483446,-0.000391919817028567,-0.00143697184118086,0.000889125386030125,0.000649024523075835,0.00827080414585785
"4/1/2009",-0.00163499069647593,0.00654250439877982,0.00269931400332506,0.001402964342441,0.00105592213232341,-0.000671475075160847,-0.00118800648169904,0.000443646918029134,0.000991342788633292,0.00527639679855506
"5/1/2009",-0.00218524659554631,0.00693304012316117,0.00210697349594657,-0.000192153228537225,0.000887635172768949,-0.000379390203981515,-0.00181377601581752,-0.000144046104546652,0.00132946561837176,0.00505457108713001
"6/1/2009",-0.00283981121661701,0.00167499880409678,-0.000704152926628031,-0.00023026216842462,0.000885083376519179,-0.000785852634269166,-0.000974042422719589,0.000258941135256642,-0.000897195971327495,0.0161496814675847
"7/1/2009",-0.00249569512181162,0.00202818245601485,0.000260917476598216,-0.000518979571728842,0.00144737475382347,-0.000513800641416043,0.000230526899924893,-7.72297388320183e-05,0.00021318572323248,0.00865833369042661
"8/1/2009",-0.0023825446699953,0.00260229788165607,0.00346835677610484,-0.000808812420633227,0.00097118082855589,-0.000853540375466921,-0.00049121257598694,-0.000750078146450307,0.00197770692812683,0.00487197989064306
"9/1/2009",-0.00158527028368703,0.0016256765516802,0.00153089429247572,-0.000873521629347114,0.000429574172380993,0.000527897577643749,-0.000262985979308033,-0.000550952322939476,0.00204413205783432,0.00342992587931292
"10/1/2009",-0.000892213984471441,4.52538764461874e-05,0.000473194022318971,-0.00160032853350199,0.000420929306537843,0.000910629384160408,-0.000583489795072482,-0.000783937989033656,0.000274084145601207,-0.000101280184770366
"11/1/2009",-0.000367555372455393,-6.07274083101984e-05,0.00196107760858723,-0.000362952261151098,0.000590098783971333,-0.000236838317084661,-0.000264969773427111,-0.000376889504251897,0.00128034950509368,0.00391201573417345
"12/1/2009",0.000593484898509354,2.97841675499871e-07,0.00120392814879342,-0.000352951592522051,0.000259504561901564,-0.000302155870433899,0.00018727861623165,0.000138892221622353,0.00150452033467071,0.00225389114727822
"1/1/2010",0.000628109633276341,0.00083915068699985,0.000316951776022247,-0.000384198509592728,0.000188395565842142,0.000328809580601686,-0.000532065449725524,0.000229594263888681,0.00169780672103839,-0.000524609543158972
"2/1/2010",0.00171035692581653,-0.000388006896444186,0.000477677914841951,-0.000178733302210943,-0.000173594435940498,-0.000409175902649721,-0.00072230962346862,0.000922946967639447,-1.30057448931638e-05,-0.00174914773884738
"3/1/2010",0.00196501790779287,-0.000671976642193053,-0.000490779340692068,-0.000998972768741843,-0.000503756752943062,0.000707838363840512,0.000141879384069345,0.00042203933363623,-0.00172459925697908,-0.00131867460469998
"4/1/2010",0.000842434559109786,-0.00161583667258991,-0.000292587619132594,-0.000177392279476736,-0.000736561341101365,0.000892868231793004,0.00048392972701769,-0.000442357616640923,-0.00137859206545526,-0.000967505966735319
"5/1/2010",0.000172387923915901,0.00363722562832246,0.000129754788662222,-0.00197489182994725,-0.0014874846764938,0.00115504579436762,1.59600149793997e-05,-0.000356309767279826,-0.000772040898466371,0.00155038414980652
"6/1/2010",-4.68350036146238e-05,0.000791134821211163,-0.00210303694887205,-0.00217518549932315,-0.00047569064257238,-0.000362643763505891,-0.000484799299793823,-0.000138257396725793,-0.00153051311975639,0.00118439122014401
"7/1/2010",0.000177783804183373,-0.00110603058414387,-0.000929700333629741,-0.00136935804816342,-0.00060786514197746,0.000286700352801301,-0.000183625995663652,-0.000705519620041176,0.00155002353331271,-0.00140942694727077
"8/1/2010",0.000906386842417894,-0.00242656673593704,0.000689288775424128,-0.00173918662891098,-0.000319982583492114,-0.000241624418900129,0.00117695367852395,-0.000795618149253279,0.00455273210262441,-0.00342359546244154
"9/1/2010",0.000558415607544369,-0.00380977921632856,0.00040305286133945,-0.000642431288490141,-0.000173289732567798,0.000200963838971348,0.00293461546012877,-0.000165982815277163,0.00248599726667037,-0.00207882487439936
"10/1/2010",0.000744179857270634,-0.00429079387231433,-0.000104966948701681,-0.00134435103374895,0.00018291125532365,0.00146617278395374,0.00150987578891711,-0.000940363225406917,0.000133321494327151,-0.00287325304309265
"11/1/2010",0.000770025858277478,-0.00427202279913517,-0.00163046043773225,0.00106345691024082,-0.00038830098507334,8.9121217985579e-06,0.00172480615506445,-0.000188516962020283,0.00127593234270737,-0.00301394077618024
"12/1/2010",0.000859210406242656,-0.00299638500901085,-0.00206620419125407,-0.000832230331536482,-0.000218534205285692,-0.000241839459522161,0.000814946331082184,-3.6139348925399e-05,-1.18112485422056e-05,-0.00126544518923343
"1/1/2011",0.00151905782434568,-0.00380028322156204,-0.00304675316290455,2.76921674656366e-05,-0.000671347063450565,-2.63701194479101e-05,0.00172289916471597,-0.000408301076244088,0.00154954596642631,-0.00388462882755517
"2/1/2011",0.000990642593777392,-0.00386706061398348,-0.0015489102805176,-0.000257335662671485,0.000464747122433019,0.000224585974711337,0.00118335414414975,-0.000451819145681356,-0.00177064194516527,-0.00410864829087292
"3/1/2011",0.000940413764314323,-0.00252479245245208,-0.00181098237075921,-0.00179975395824474,-0.00142946667217948,7.93743730460057e-05,0.000495523959968719,-0.00104370671842699,-0.00248153567529443,-0.00376437492871602
"4/1/2011",0.000745712762666381,-0.00185633154575882,-0.00221668992017553,-0.0017262298804179,-0.00131334387024788,0.00107740812059543,0.000362159506129577,-7.23946499057009e-06,-0.00273544171216651,-0.00207115062687625
"5/1/2011",0.000732559010185895,-0.00398765680618429,-0.00109800135796936,-0.000547430061651789,-0.000854980456928431,0.00041624342980573,0.0014513193166329,-9.40424904349516e-05,-0.00262840644444795,-0.00272742065603587
"6/1/2011",0.000383464063698605,-0.00309491968547158,-0.00210051176540233,-0.000343047919016274,-8.15347984397085e-05,0.000309292655571986,-0.000179913549978415,0.000105528034519309,-0.00227781683760827,-0.000718408883039482
"7/1/2011",-0.000471781565637146,-0.00162770584778424,0.000460536451546886,-0.000775182017466834,-0.000242890705696484,-0.000298392249606679,-0.00053211390164067,0.000535183408022701,-0.00179505860985415,0.00126400274546127
"8/1/2011",-0.000230190341565157,0.00496234792484318,0.000363598883363103,0.00157453799533269,-0.00028294226330707,-0.000776029390067512,0.00193552429193017,0.000684665367441917,0.0010677394985818,8.85987679862158e-05
"9/1/2011",-0.00107211831028411,0.00459936750919219,-0.00045123337260484,-0.00130165216422193,-0.000203390862902453,0.000481701563834478,0.00176536562424195,0.000274512578390155,0.00266344864535192,0.000401763939847139
"10/1/2011",-0.000770253205084778,0.00314796283617955,0.00181167016035126,-0.00129266706647652,-0.000361060485032301,0.0003240525856259,-0.000648672222596727,0.000515435603194099,9.98659283007975e-05,0.00194028638079119
"11/1/2011",-0.000788318374466337,0.00254480140438938,0.00234529704779423,-0.00223314384495864,8.02407376588307e-05,-5.25019343465486e-05,-0.0010035845084222,0.000941922939795828,0.000334940359547534,0.0025921590885336
"12/1/2011",-0.00038007634032715,0.00195730129956358,0.000533881919203946,-0.00175484695796813,0.000340975851003974,-0.000625849965029717,-0.000979363047097266,0.00107123936876742,-3.91022198761715e-05,0.00138290476385392
"1/1/2012",0.00036645200132978,0.000940374763055761,-0.000722399064437883,0.000947593564718874,-4.26542620408969e-05,-0.000811629101038907,-0.000335462538166171,9.42120538482224e-05,0.00190629390462872,0.00101955054975124
"2/1/2012",0.000431043700224885,-0.00122465777702572,8.58207191017599e-05,0.00217577577608142,-8.03218194382154e-05,-0.000896528737250323,0.000427262012831208,-0.00010339101513642,-0.000378833716314211,0.00299346687465065
"3/1/2012",0.000811805522823408,-0.00264670512882987,0.000162519718228356,-0.000123178359894907,-0.00057126947275915,-0.000586333927337395,-0.00071943715868804,-0.000202869578180874,-0.00102706676882834,0.00249010679609703
"4/1/2012",0.00132595834343346,-0.00285671899207133,-0.00121301169311572,-0.00146994796126697,-0.000171254840272957,-0.000148640854390298,-0.000262789931707795,-0.000840564320946607,-0.00197862293346593,0.00207385839919464
"5/1/2012",0.00110485755042128,-0.000423744325291349,-0.000484212643046777,-0.00140303084864692,-7.51770535731672e-05,-1.23247048922448e-06,-0.000870907751842627,0.000235280071248781,0.000758393557679203,-0.000847278445454254
"6/1/2012",-0.000138241585659905,0.00225464884525894,0.000951350492694628,-0.00200853057607473,0.00038975543867347,-0.000446412351940758,-0.0010503334847299,0.00120514531902331,0.000321771866500313,0.00314152387466173
"7/1/2012",-0.000526950291442542,0.00189753565939281,0.00225335049830206,-0.00167304956372436,-0.000249896069251687,0.000230323152939723,-0.00124153015627882,0.0010584873831543,-0.00102588032965211,0.00417546656137874
"8/1/2012",-0.000341190226077491,0.00347149929689279,0.00180338253077635,0.000381796887559738,0.00107911356885716,-0.000973564571685167,-0.000147934495468112,0.000674863105847597,-0.000171076584816656,0.00262054978093996
"9/1/2012",-0.000221888243074339,0.000132510311831624,-0.000141999066798006,0.00250324358472768,0.00115426348224227,0.000360672897210077,0.00155608436219596,0.000187383971730537,-0.000326454622083657,0.000763236784124977
"10/1/2012",0.000167559962799806,0.000627798520156809,0.000439426456622592,0.00175149126687835,0.00143771204790261,0.000276179917715659,0.000387228068654621,0.000342340343280424,0.000554438156716265,-0.000913518557382062
"11/1/2012",0.00120149912706009,0.000408121856018799,0.00087032838790257,0.0061192525024687,0.000793985471047504,-0.000819377054026808,-0.000459223183307081,6.12123313720951e-05,0.00138870660703145,-0.00105223763645782
"12/1/2012",8.91575494358644e-05,-0.00105819530992378,0.000697977043733364,0.000191034125630452,0.000687973503447882,-0.000549365940638431,-0.0002863501756444,-0.000122005219855163,0.000710154652514192,0.000361826178641038
"1/1/2013",0.000446292891925692,-0.000288575424928804,2.20445317257268e-05,0.00337448135529284,0.000485120070472481,-0.000103621488267004,0.000525423906034076,0.00095922332178473,0.0020655564429538,-0.00178604915647472
"2/1/2013",0.000747090623158506,-0.000968334877071203,0.00125772327490547,0.000743987577094432,0.000235665808500232,-0.000435123492665251,0.000393220481968836,0.000203475924301344,0.000378082283701606,-0.00226392315307816
"3/1/2013",0.000429149036821891,-0.000357299138195481,0.000924327208718804,-0.00121083203126499,-0.000532401376233948,-0.000457059775355994,-0.000637324982895123,-1.58519985176199e-05,-0.00142789183905882,-0.00101358107028961
"4/1/2013",4.47042329885155e-05,0.00101589717437684,0.00196959102446528,-0.00142238270738163,4.54320952845432e-05,-0.000124984066923286,0.000403764910614878,0.00041509875605833,-0.00139913256734181,0.0021417057080388
"5/1/2013",0.000505884765979029,-0.000120327770513641,-0.000305741699228399,-0.00047437993974055,-0.000613573698938472,-0.000233649751896131,-0.000152864760854122,-9.40790711642189e-05,0.000587457599040943,-0.00162922217314118
"6/1/2013",-0.000585455704148833,-0.00154347979203168,-0.00120297412597777,0.000109772370650957,0.000299243232185084,-0.000211714114679754,-0.000471304176185699,0.000114124404642238,-0.00017159739933986,-0.00124539808161778
"7/1/2013",-0.000692264923824625,-0.00107180932542126,-0.000105067864317556,0.00188395434763328,0.000346433178612726,-3.67438243851508e-05,0.000359870650671188,-0.000557313575012006,-0.00110862516614303,0.00134942581263201
"8/1/2013",-8.97265568891628e-05,-0.000551531888578463,-0.000467549226936302,0.000703146564447991,-3.55148123772784e-05,8.42333930877391e-05,0.00136141061024772,-0.000440332187409478,0.000607386683394308,0.000922521862719391
"9/1/2013",-0.00106847226824487,-0.000262313468097982,-0.000718917898581026,0.00145428342093356,0.000512896537692557,0.00030438075501629,0.00104625655646614,-0.000157656442956406,-9.525568469833e-06,-0.000197773920273197
"10/1/2013",-0.00084859814664572,-0.00135946564511861,-0.00158456773818793,0.00390841856744131,0.000657678873051367,-5.70267607866921e-05,0.000170432909749493,4.55308150139088e-05,-0.000171788902040321,0.000469944719499524
"11/1/2013",-0.000299657312999628,-0.00258828534683061,-6.11375317557036e-05,0.00137282004383165,-5.68754070381383e-05,-0.000369766834026655,-0.000218545717039495,-0.000565195781103381,0.00120630907732249,-0.000782982838920013
"12/1/2013",-0.000620878699893742,-0.00320033957619132,5.66455185694137e-05,-0.00100822690658709,-0.00109168383105678,-0.000533217584076457,4.1474699750988e-05,-0.00117208570000859,-0.00035218243288455,-0.000833829606221118
"1/1/2014",-0.000847779886739029,-0.00284662882718005,-0.00137118245099603,-0.000752665422191785,-0.00106979498957928,-0.000535291637672618,0.000326272630674932,-0.000931933310804882,0.00017140547942264,-0.00046266579269593
"2/1/2014",0.000430000920153205,-0.00057342024776778,0.000877680126733047,-0.00065840912243437,-0.000319830484401075,-0.00116454492619823,0.000480072668351959,-0.000614390212578345,1.89530735116801e-05,-0.00018464881149357
"3/1/2014",0.00044100237123422,0.00127791636265901,0.000206327313039609,-0.000910529570209285,-0.00116304161250467,-7.34020982320232e-05,8.38955749309689e-05,-0.000578962304032943,-0.000975647549023119,-0.000825839662342021
"4/1/2014",0.000903915560538864,0.000954206777342813,-0.000231481060635943,-0.000647080617878043,-0.00110189257214179,0.000777424593858819,-0.000319929831918443,-0.000908555767669956,-0.000789722268498762,-0.000676028147674372
"5/1/2014",0.00101860180306196,2.72000647238338e-05,-0.000122375697632011,-0.00111949919959951,-0.000383427829865869,-0.00027701661042407,-0.00115107489060462,-0.0010797693081537,-0.00059262945088934,-0.000369490735366481
"6/1/2014",-0.00023822532793279,-0.0016557761276111,-0.00088986522391201,-0.000304150971025495,-0.000287985646915284,0.000268605995856878,-0.00123258539477704,-0.000723017622939581,-0.000990284047237968,-0.00164692391811495
"7/1/2014",-0.000205355223537818,-0.000902106647771991,-0.000660809216966653,-0.000872339040520155,-4.60738694354036e-05,0.000190511279411438,-0.000641324572554438,-0.00071159194903532,-0.00120171661049589,0.000109553608458835
"8/1/2014",-0.000335265097907605,0.00169247997692626,0.000795122229209705,-0.000853529721648285,-0.000132422239518529,-0.000976849762036771,-0.000535662093994714,-0.000625109598168659,0.000577389803162738,0.000425359079015105
"9/1/2014",-9.47593436108702e-05,-2.14217682645718e-05,-0.00166823865176015,-0.00107197282003729,0.000592331689985703,0.000126504819093993,-0.000963763932048441,-0.000652901810611088,0.000859466659416704,-0.00122002837559394
"10/1/2014",-1.39438219638e-05,0.000474648186887551,-0.00126735282091214,-0.00159857795988557,8.41876023585756e-05,0.000153065124221193,-0.00075715891737813,-9.86140171992201e-05,0.00208722769296607,-0.00155523201835597
"11/1/2014",-7.71461825208529e-05,0.000395299536782323,0.000857589208961405,0.000367976854722386,0.000236510667326018,-0.000197961755808746,-3.16768610343201e-05,-0.000443539783104618,0.00343857041348033,-0.000533848605946462
"12/1/2014",0.000498086889518818,-6.09818907516424e-05,-0.000942975750454741,-0.000115851414766729,-2.1803970087693e-05,-0.000233671281035543,0.000242674311495007,-0.000619219486468263,0.00108054793159837,-0.000764115001631095
"1/1/2015",0.000137189674126158,0.00175789900108196,-0.00127544154699965,-0.00140653135142129,-0.000956115034175504,7.54539280528936e-05,0.000219239392006377,-0.00127625425908314,0.00129968481292955,-0.00120364455748941
"2/1/2015",0.000615465908550194,-0.000193899621225565,0.000172046692632819,-0.00132231181728661,-0.000486799358611694,-0.000474169664075112,-0.000103642161089282,-0.000571828297269594,-0.000236372395037371,0.000557496613459201
"3/1/2015",0.00106418404657553,-0.00125985722463112,0.00137282381447736,-0.00111835442026056,-0.000154253273128875,-9.08805346455266e-05,-0.000699654781957705,-6.92389513336028e-05,-0.0011002684240801,0.000779005855289929
"4/1/2015",0.000832039662020966,-0.00172043922239149,0.000588494064014454,0.0002223625426032,0.000259351808344456,0.00037728148597408,-0.000568975557078812,0.000269842931105634,-0.000513486118311034,-0.000147011170594907
