"date","T45","T62","T118","T78","T136","T74","T94","T100","T140","T5"
"Transform:",1,1,1,1,1,1,1,1,1,1
"4/1/1991",0.00221119467924552,-0.000432104887206724,-0.000385987846846428,-0.00100309932516964,-2.39850366220472e-05,0.00101234321961949,0.00589002488546596,0.00711514323844669,-0.000940818875984757,0.00051850972344805
"5/1/1991",0.00415396825413285,0.000731609860126308,-0.00145483911524694,0.00366285727056881,-0.000301619037786699,0.000989151108808258,0.00483767378621702,0.00166426196465038,-0.000120423503464478,4.61025603209317e-05
"6/1/1991",0.00284374576164831,0.0020638157099994,0.000740846088829519,-4.6106586222674e-05,-0.000315432794128171,-0.000548409936608611,0.00286609048990669,0.00209226468087611,0.000264183612612397,-0.000761924017059432
"7/1/1991",0.00168156158437226,0.00115964773962122,0.00263379855420495,-0.000431476716256477,0.000256106552308556,-0.00147820046536607,-0.000818308012587962,-0.00160044954918702,0.000832004295610182,-0.000338915675388464
"8/1/1991",-0.00131753785492183,-0.000631486104494769,-0.000174022956995866,0.000112693215957586,-9.07584831281405e-05,3.75193029088284e-05,0.00440303164888915,-0.00241613647223754,0.00021473156784573,0.000187301215026387
"9/1/1991",-0.00042219613651898,0.000116264349961699,4.37606593259406e-05,-0.00156521573304521,-0.000711126804834943,-0.00259821262803096,-6.06906933931698e-05,-0.000849410994750875,-0.00127149631867759,6.31502014243487e-05
"10/1/1991",0.00195061094297129,0.000217969948260102,-8.81390933968228e-06,-0.000857852471939347,-0.000801434316250322,-0.00295269396927574,0.00117260017569671,0.000968724662609567,-0.000908826063579432,-0.000493592579678093
"11/1/1991",0.00215249275313649,0.000248288461327653,-0.000580977700617403,-0.00120062538294776,-0.000507226316174886,-0.00126529464767369,0.00873378905577103,-0.00145090028227747,0.000208530197028715,-0.000577082409779024
"12/1/1991",-0.000555552092691566,0.00112900737531441,-0.00120197126090637,-0.000848691518177709,-0.00120343397675357,-0.00221491041083297,0.00183630452760736,-0.00311241607383723,0.000793399969508268,-0.000740550431234381
"1/1/1992",4.21045120304893e-05,0.000431765104833321,-0.00087290784128663,-0.000806963014950327,-0.000555097787607835,-0.000941082190179002,-0.000845197154605982,-0.00338105441338308,-0.000536731019183648,0.000963701368458825
"2/1/1992",0.00179201272775826,-0.000142649713474013,0.000457663000953341,-0.00121565347811504,-0.000598321389026494,-0.000237512472152661,-0.00130691791851909,-0.00176707986786949,-0.000115042447172457,5.62566548537625e-05
"3/1/1992",0.000357150085225054,-0.00037162577061443,-0.00020136613414376,-2.83627390073799e-05,-0.000935084055857641,0.00107846011908282,-9.52238628280804e-05,-9.94874127586183e-05,-0.000817610561763831,-0.000218525572624765
"4/1/1992",-0.000729846679077372,-0.000334277392000224,-0.000944927512945244,-0.00110263713228494,0.000688024683914682,0.0016320670622082,-0.00186906068317983,-0.00130301918475396,0.00049546269425526,0.000292530120577161
"5/1/1992",-0.00146190544170108,0.000158366061617914,-0.000730935917876109,-0.00100356348094038,0.00067465927022066,0.00259331909967092,-0.00219015921414185,0.00185460307374495,-0.000316022709954831,0.000755236761795506
"6/1/1992",-0.000857000541871329,-2.57388733280462e-05,-0.000377317864406039,-0.00090581819040346,0.000134201278831096,0.000281548042312425,-0.00104612232489489,-0.000515367945185074,-0.000695065548858072,0.000100359803473767
"7/1/1992",-0.000258017933094632,-0.000156901574150422,0.00187807946204849,0.00127695220574319,0.00124462350727407,0.000338387526423263,-0.00210436356718186,0.00110658876390022,0.000505977576698757,0.000128586018621245
"8/1/1992",-0.000623958303800689,-0.000983730745059442,0.000271056684257728,-0.00095712588262887,0.000397147113099259,0.0028904697409884,-0.00177783221446978,-0.000617339422623391,-1.48583742034337e-06,-0.000102488795867016
"9/1/1992",-0.00157698151647352,-0.000820453421606391,0.000176075745805473,-0.00209840800352116,-0.000879688034670882,0.000779341395871949,-0.000447318363935097,0.00396531272066486,0.000313730986345384,-0.00106563941407357
"10/1/1992",0.0016158950432498,0.000298865158997504,-0.000713869114329657,-0.0017619966268763,0.000115635322913577,-0.000944770638702095,-0.000704559278108538,0.00215756664941108,0.00379144370281074,-0.000529460484270475
"11/1/1992",0.00270993006565577,-0.000504810018927758,-0.000700414676030989,-0.000551347120166034,0.000321624357541685,0.000602308011578885,-0.000270587312517544,0.005584362060167,0.00304471713896639,-0.000220395452372866
"12/1/1992",-0.00118728549131271,0.000382786556087034,-0.000849484747471285,-0.00112939571642276,0.000903041834848794,0.000216247906480869,-1.41721874402521e-05,0.00529097155768105,0.000968151563557961,-0.000643342990476746
"1/1/1993",-0.000628166186964244,-4.29476517888221e-05,-0.00130929674184022,-0.00144880455733455,0.00170813758004559,0.000950519688608851,0.000403700107920983,-0.000448852579898508,-0.000744690214812779,-0.000312276181064701
"2/1/1993",2.24239188459291e-05,-0.000755334205258952,0.000729330994045502,0.00140434474822285,0.000713823837352422,0.00189113906626064,-0.00133373260243525,-0.0030963660908652,-0.000979566325464194,0.00049007058359167
"3/1/1993",0.000985812404725277,-0.00148764707129508,0.00424863661994558,0.00114032093249591,0.000859206639107556,0.00545262200808898,-0.00068328092919914,-0.00169796238199918,-0.000980269734329661,0.000490567811545952
"4/1/1993",0.000189239369665593,-0.00127086389122924,0.0001602532382948,-0.000601899720335286,0.00149830290047999,0.00345510179879372,-0.00103438298536001,0.00138335470963674,-0.00124243174679271,-0.000975678697165009
"5/1/1993",0.000983344595418958,-0.000408108094385909,-0.000366899929240775,0.00404648175538958,0.00106471624945567,0.00182308871292239,0.000188872474378248,0.00308073506252725,-0.00116625849077792,-0.000476383065730293
"6/1/1993",9.40480856729366e-05,-0.00076753677361475,0.000630608996020967,0.00399450298816824,-0.000338037994253988,0.000541845866463653,-0.00272522561471979,0.007677308544568,-0.00136063331930948,-0.000630171668913106
"7/1/1993",-0.000797497174658137,-0.000371703458116251,0.00130481390517665,0.000271457270516162,0.000391055292474331,0.00149856374107577,-0.0013005325085511,0.00157452992470592,-0.00119109499663607,-2.7455338082486e-05
"8/1/1993",-0.000218868918541538,-0.00118821815822473,-0.000655212767932243,-0.00153847030673728,0.000298338129967245,0.00303185549345422,0.0038866489072656,-0.000580233694042878,-0.000466212295167572,-1.02573700631008e-05
"9/1/1993",0.00428770486093267,-0.00140864839409097,-0.000756948632508527,0.000561215960743632,0.000661763236821785,0.00285539608768594,0.00301313753733151,0.000499754409709789,-0.00189562883510297,0.000922698526270666
"10/1/1993",0.00100852559715613,-0.000222041730213124,-0.00194587993070506,0.00184735867512179,0.000622258845822658,0.0010170189091564,0.000131596351821162,0.00343456896815923,-0.000824480534427235,-0.000419314492363901
"11/1/1993",0.00193899070450086,-0.000351164170979049,-0.000718963053703801,0.001133458129243,0.000469419947591507,0.00265466967131345,0.000731354378491477,-0.000447662385228783,0.000590487119609319,-0.000675295462598075
"12/1/1993",0.000753013716374829,0.00032968036760055,0.000447111710595297,0.000253320743469876,0.00157072613826157,0.00453953362613112,-0.000726163345093183,-0.000924063228452782,0.000304166647655459,-0.000442563352493136
"1/1/1994",0.000934201144608589,-0.000646033457929696,-0.000824178563757479,0.000434626319415259,0.000207271623212948,0.00217073675305463,0.000463238708406041,-0.00375677092182282,0.000799073719168594,-0.000309715736676563
"2/1/1994",-0.000906824058803854,-0.000499626793615597,-0.000599887944048759,0.00262266574024921,-0.000384999101087603,-0.00151375911432039,-0.000682507996743555,-0.00362243970768534,-0.000471093985013524,0.00043774246440991
"3/1/1994",-0.00130670931393724,-0.000259807687599088,0.00112576774013711,0.0030222566195909,0.000204257590932056,-0.00145605990599582,-0.00185675501959469,-0.0012538620101079,-0.000497013591968201,3.20725410345714e-05
"4/1/1994",-0.00117434980872245,-0.0008689347043898,-0.000711023609505745,0.00410492617068657,-0.000969396738053015,-0.000740981172221669,-0.00157634477352119,0.00258328519867789,-0.000872634124333323,0.000252619447999842
"5/1/1994",-0.000278076359696254,7.6144507025562e-05,-0.000162431494908897,0.000877324805308159,-0.000879790390165295,-0.000918867570371795,0.00106372748169858,-0.00208135299833968,-0.000268072718542706,-0.000249553343734292
"6/1/1994",-0.000679579711480784,0.00141522561598849,-0.000868114440028939,-0.00100403686571483,-0.000681931239273324,-0.000335184754797562,0.00136790330837852,-0.00327582603252475,-0.000116298801700972,-0.000133094803833753
"7/1/1994",0.00244635087590963,0.000648673800692252,8.17092745945745e-05,-0.000518959791651352,-0.000396556406372755,-0.0004769078377949,0.000926327394732981,-0.000375990712020713,-0.000709804527133081,0.000220358072120406
"8/1/1994",-0.00166220046714397,8.78585310250376e-05,0.00431634198867791,-0.0010095021435435,-0.00112383991330829,-9.48572791107319e-05,0.0027308732884806,-0.00128306721633017,-0.000195106792133308,0.00140005791589174
"9/1/1994",-0.000396916650195552,0.000722725938927179,0.00174428444427301,5.52754668911789e-05,-0.000961532178575814,-0.00126702021637466,-0.00127613630393705,-0.00201913745354187,0.000900986726409938,-0.000138899634173694
"10/1/1994",-0.0012149976812922,0.000937074125187229,0.000305838854882259,0.000439833285876261,-0.0013392843095355,-0.00201780527051525,-9.94786723207243e-05,0.000902567040428379,0.000322294540823877,-0.000759791043776521
"11/1/1994",-0.00145050379798242,0.00189408210837671,-0.00135281443616103,-0.00156189755025708,-0.00072806347419073,-0.00234794108376647,0.000988539657852738,-0.00278441753886755,0.0004540001933309,-0.000791376528833303
"12/1/1994",-0.0020389341785313,0.00122284370511176,-0.000462647607918343,-0.00146813064515343,-5.69781037625167e-05,-0.002063816612307,-0.00235535265479972,-0.000595873837652987,0.000553291123358838,-0.000629761233018391
"1/1/1995",-0.0016557291407192,0.000203780829484847,-0.000252697132149144,-0.000978443750721512,-0.000421673837463808,-0.0025107308933685,-0.000442255588268822,-0.00391954736189343,-0.00150480120504572,0.000401470766966942
"2/1/1995",-0.000985975050132052,0.000363266196034896,-0.000519766781237846,-6.65807680191511e-05,-0.000935665115033225,-0.00204213647668514,-0.000422892830115506,-0.00420142931175575,-0.00120470247564456,0.00011496136911301
"3/1/1995",-0.000523424997709849,-0.000969854892659517,-0.000473051644795396,0.000574024785628746,-0.000291885413886386,-0.00290110709117636,-0.00014739707190581,-0.00300334460039968,0.00232970236121357,0.000375493370554953
"4/1/1995",-1.29796684204698e-05,-0.000504833638882482,-2.43379923577349e-05,-0.000562723669900202,-0.000487885174162584,-0.0023093321340549,-6.4690207161106e-05,-0.000989115858717748,-0.000229051031213419,0.000274288731520463
"5/1/1995",-0.00203678681650592,-1.65981377484039e-05,0.000915366145954483,-0.000499253654890819,-0.000859894285900676,-0.00274487979353266,-0.00187428152429884,0.0018698019007565,0.000472506604677447,4.82719975433288e-05
"6/1/1995",-0.000383965985849568,0.000371520960156167,0.00271572789491967,-0.00124062062911655,0.000566630799766424,-0.00268165307230155,0.000468584050784271,-0.00279075128360031,0.000320045058478684,-0.000350179118008807
"7/1/1995",0.000205991477723739,-0.00018541407743658,0.00248705431989492,0.000404039707423198,0.000375831064455621,-0.00128142043521736,0.000135754982496764,-0.000632578323287162,0.00120358415598424,0.000262511295931739
"8/1/1995",-0.00194160894306909,-0.000685184240569706,0.00227414507032328,-0.000342349914034441,-0.000368838682778303,-0.000635393457317033,-0.00124249431107386,0.00143011476091646,-0.000236122605842271,0.000805802593737428
"9/1/1995",-0.00112854372414123,-0.000814110255838478,0.000917921688419502,-0.000485061526011819,-0.000402706580952402,-0.00117429249175192,-0.00211436049973701,-0.000345497947500429,-0.000877741411322383,0.000966393411429112
"10/1/1995",-0.00049909361498547,0.000274180959918443,0.000409674645654307,0.000297512310339994,-0.000426810003293237,-0.00057228309091985,-0.00207132074468841,-0.000778056325444574,-0.000705608678160032,-0.000134337117949919
"11/1/1995",0.000343485613485049,0.000790224329471026,-0.00108949159271773,-0.00105844931704365,-0.000145034303743557,-0.000560843754886895,0.000379003152717643,-0.00243334486126858,-0.00147201827015597,-0.000503487898371362
"12/1/1995",-0.000232597573473286,0.000284511417560432,-0.00125395470910311,-0.00115518704611842,0.000355854142840697,-0.00144344395005429,0.000273697538436922,-0.000992896044952133,-0.000364793078587782,0.000228040374637341
"1/1/1996",0.000230270862689927,-0.000621591373707626,-0.00158289094433651,-0.000354964808721491,0.000134352937856397,-0.00108568784729589,0.00295159070684014,-0.00269460559913535,-0.0015455637038051,0.00153735890872308
"2/1/1996",0.000820693356369401,-0.000135891177115571,-0.00118745689299096,0.000472188861333316,0.000194149122872745,-0.000332022076436737,-0.00189412538730093,-0.0019861943316,0.000312734269050003,0.000949465090186203
"3/1/1996",-0.0012551495204954,-0.00014426969217545,-0.000908602322208897,-0.000200578173473915,-7.34658254807179e-05,-0.000521288875224451,-0.00184964575926155,-0.00126293764612304,0.00106604993112587,0.000813443085596115
"4/1/1996",0.000189091992648024,-0.000514404085152057,-0.000579196449012293,-0.00116322781337395,-9.62341864667495e-05,0.000329510141363186,0.00449607700271353,0.000196865725358565,0.000230963680987425,0.000630985110687504
"5/1/1996",2.85727381338668e-06,0.000655766554285754,-0.000537036641688053,-0.000864601623526762,-4.8693587944549e-05,0.00116181485072288,0.00433200975186929,0.00330228889930989,-0.000574406568443812,0.000332305181277355
"6/1/1996",0.00109446649360751,0.000130306582393596,-0.00107504410193139,-0.000516150220815919,0.000209333726897478,0.000679842969812893,0.000304928709580619,0.000540526747295988,0.00231234358523229,-0.000714150707610847
"7/1/1996",0.00100022061160694,0.000110203745246012,-0.000529794527672819,-0.00112375205834724,0.000367779157840767,0.000479760469183274,0.00208974503926404,-0.00023226518006704,0.0025523535339094,0.000268492774832806
"8/1/1996",-0.00173550365082216,-0.00170324872593876,-0.000856006285500044,-0.000457012082530481,1.00054467303316e-05,0.00150683368895507,0.00228177378414881,0.00153382112599248,-0.000137348630020068,0.000511832530577914
"9/1/1996",0.000480619175873504,-0.00079879645509601,-0.000326900068773613,-0.00152882897645152,-0.000233026804198178,0.000257803684363784,0.000463457345636789,0.000526258349321446,-0.00140260915451857,-0.00028586583971448
"10/1/1996",0.00140265616864124,0.000338306710634367,0.00143602084046658,-0.000481202428593551,-0.000240586726783176,-0.000865750171353243,0.00015764696145666,-0.000596471296032188,0.000473141366817013,-5.16338590079988e-05
"11/1/1996",0.00120469552102568,0.000555288889186106,-0.000393048135890098,-0.000850337043470823,-0.00027729210697476,-0.000387307318921252,6.93126274861194e-05,-0.000404277674353572,-0.00175893399682529,-0.000208519392704084
"12/1/1996",-0.000758840193024364,0.00115392429933507,0.000162447914069153,-0.000420535012827288,0.000151526630976153,0.000341407565405386,-0.00108668267584966,0.00197929340143364,-0.001133995993045,0.00017840019026396
"1/1/1997",-0.000149002041564193,6.27690771205301e-06,0.00063131662129304,0.000637812064411087,0.000611246052841109,0.00187089167328183,-0.000668658083627619,0.00789610463595476,-0.00136240292691105,-0.000125641625861543
"2/1/1997",-0.000579132942694129,9.55884862456031e-05,0.000682829341797413,0.000156080538453185,0.000243299450809096,0.000650744681325797,-0.00140877766057616,0.00605187734921925,-0.00154020490531015,-0.000435513264810218
"3/1/1997",0.000489554426302437,-0.00101553334053792,0.000198051410167832,0.00024060094217753,0.00017031509767143,0.00147443311664708,-0.000731084282596674,0.0105726950618906,-0.00219545224579063,-7.5160335081086e-06
"4/1/1997",0.00186557292366808,-0.000813471612814988,-0.00060473840751989,0.00128607726483522,0.000362596644963954,0.00137551412743683,0.000251730458268256,0.00498528515079274,-0.00163457646651702,-0.00138780846739973
"5/1/1997",0.00293742481484549,0.00129048199555292,-0.000280079377864069,-0.000985876447689387,0.000641825771786777,0.000376527339240854,-0.00068557752403861,-0.00048256490327768,0.00425096762823271,-0.000863902739579867
"6/1/1997",0.000151859626748057,0.000781041486471414,-0.000388915202866461,-0.000155932936086044,2.01216384314156e-05,0.00047383072819729,-0.0013399529199099,-0.00206556694714354,0.001535389612123,-0.00111357536305884
"7/1/1997",-0.0012972082602069,0.000981882163885258,-0.000405160174039151,0.00156938682676033,-8.67227135696742e-05,0.00132032551054617,-0.00193595310117858,0.00053411842200274,0.00241727568411265,-0.000302233320938526
"8/1/1997",-0.00164624489170041,-0.000451077289141743,-0.000506616271549207,0.000843927837642146,0.000210304837507795,0.00233885225227792,-0.000727667035597336,-0.00121280059043486,0.000797665387300228,-0.000304663078353528
"9/1/1997",-0.000216762085043981,-0.000337355856742052,0.000189293877860957,0.0014388366519833,0.000630721160643871,0.00120219231700163,0.00080478828318195,-0.00210454042646286,-0.000647851851665076,0.000276018614010293
"10/1/1997",2.77381360226047e-05,4.72422827917245e-05,0.000321932346216442,-0.000504135187567127,0.000616368974489927,0.00136567514571793,0.0004666934084054,-0.0025740642297303,0.000385887157830773,0.000479356298007844
"11/1/1997",0.000377984451572523,-0.000216624932297394,0.00199744008831245,3.88294087956489e-05,-0.000738805311425096,0.00115685345536869,-1.42710211992963e-05,-0.00165603247569417,-0.00100226709398559,-0.000311535394102526
"12/1/1997",-0.0013030556228027,-0.000232739249288155,0.000156758701138856,0.00100386605160446,1.98921954321392e-05,0.00113810640601371,0.000663745458806878,-0.0018612890138107,-0.00178403775776208,-0.000166574014722942
"1/1/1998",-0.000766758661823235,-0.000880925603235751,-0.00175883551183258,0.000205016048833514,0.000597221715869308,0.00285716970990364,-0.00123231517958866,-0.00131313875177444,0.00163989268928492,0.000980157374347843
"2/1/1998",0.00211535059562273,-0.00129260352219334,-0.000582412463140701,0.000182772055691702,0.000366925236184574,0.00101572435596516,-0.000804560141814779,-0.000220920680887954,0.000531933852603451,0.00105720934374601
"3/1/1998",0.000504732706325763,-0.000369865073948521,-0.000366699731344069,0.000585896453882387,0.000386612603479142,-0.000419607733055547,-0.00115043804958437,0.00103587378339877,-0.000142650959961832,0.000762114163185499
"4/1/1998",-7.5241898111347e-05,-0.00056478963288806,-5.34641943735573e-05,0.00135320366554499,-1.62216348584723e-05,-0.000233778999282,-0.000790545884598366,0.00153619642130133,0.00486917213167769,0.000505909202100797
"5/1/1998",4.28075962414233e-06,0.000169809524783516,-0.000548124347202417,0.000315903604353699,7.00481849761528e-05,-0.000425048327008233,-0.00157295004261053,0.00290854976507495,0.00354870462562235,-0.000713976267576523
"6/1/1998",-0.000102935019358337,-0.000347074532890879,5.24913170806255e-05,-6.6148512519991e-05,-0.000378585231309778,-0.000372723733079533,-0.0015331067411022,0.000726167680588335,0.000428863561613491,-0.000928694738811467
"7/1/1998",0.000743884471337391,0.00016024790554754,0.00211699122971598,0.0016661546110424,-0.000722569995306754,-0.000151491039237447,-0.00124261517611891,0.000136114806290139,0.00203175963984924,-0.0001543187900293
"8/1/1998",-0.00104206663846587,9.46106122574844e-06,0.00165869336831649,0.000405139800780902,-0.000765416317116599,-5.68068690850698e-05,-0.000556848294921119,-0.00217990578349487,0.00142097254758156,0.000189085614757517
"9/1/1998",-0.000760381380733825,-0.000749930190630526,0.000673615785310147,0.00191944283777232,-0.000138219261722948,-0.000443283850845789,-0.000802781618926085,-0.00130465193794212,-0.000315610860423377,-0.000371092169611806
"10/1/1998",-0.000357076159662676,-0.000551565717284253,0.00108895002643521,0.00256809284861818,0.000645138459655518,-0.00106071649681369,-0.00107790098898211,-0.000733408148468461,-0.00111783896196601,-5.47739751413628e-05
"11/1/1998",0.000574312805583152,0.00126986437796963,0.000259370852120208,-0.000740474627568445,0.000277682659567837,-0.0011440142005953,-0.0013564289871254,-0.00285572478996401,-0.000368133837586282,0.000901622408201567
"12/1/1998",0.000841494308555982,0.00258010125384944,-0.000612348300645284,-0.00046228136447866,-0.000330053430719508,-0.000668920303943192,-0.000568845228450284,-0.00183813095135072,-1.72119161554167e-05,0.0010454927636194
"1/1/1999",-0.00144079890114533,-4.90010485250351e-05,-0.00153556080063925,0.00296688465347035,-0.000203970524494272,-0.000325642400364907,0.000262023178748881,-0.00246538435050096,8.27613265659096e-05,0.00136688627830641
"2/1/1999",-6.32110302703513e-05,0.000197211636507329,-0.000840844178214264,0.00138360912941126,-3.82676977383434e-05,-0.000569603957184668,0.00193544223286772,0.000124925336644634,-0.00121013438779177,0.000333236922932877
"3/1/1999",0.00055657718638873,-0.000156713055414823,-0.000890371791685516,-0.000691244820555844,-0.000173395426016278,-0.000958009187035022,0.000991892101821521,0.000232685849508743,-0.00109294636895784,0.000457127578710886
"4/1/1999",-0.000114633439515533,0.000416430216823403,-0.00138198075117292,-0.00109330888344211,0.000230589454845999,-0.00146535215281112,-0.00139110472138728,0.00100052658881924,-6.54183705874286e-05,-0.000246542759058763
"5/1/1999",0.00125289036267668,0.000287051573661497,-0.00128140709551742,-0.00120737264399735,-0.000102633956052208,-0.00148717675181925,-0.00154804548925746,0.00138283347981104,-0.000573041803785178,-0.00121083932722563
"6/1/1999",0.000120034388952954,0.000673218835238618,-0.000338016282590695,-0.00136242618909444,0.000725429360441348,-0.00134015532587339,-0.000922286564827463,-0.00167648989635158,-0.00101238103827359,-0.00100674257018906
"7/1/1999",-0.000236778319319075,-0.000264177772628365,0.000506579545768772,-0.00123916464278146,0.000277389029016126,-0.000649636083878836,0.00025058507269449,0.000841246589082698,0.00268554701219647,-0.000194567995849358
"8/1/1999",-0.000940174354677513,0.000922829477213555,0.000509959781984565,-0.000120404018289559,-0.000329457544578725,-0.000293101872898736,0.00125557452796208,9.6383545184699e-05,0.00070392288274872,-5.11500913333313e-05
"9/1/1999",-0.00105897720035659,0.00310569121781375,-6.88150496487195e-05,0.000657093988454359,0.000600253780777114,-0.000613469746357442,-0.000211957045122272,-0.00195324603171135,-0.00105593275790337,-0.000423476193792332
"10/1/1999",-0.00113233755749498,0.00341407199202672,0.000854640365760083,0.000598018605069646,-0.00027266746857643,-0.000622908117636461,-0.0012789120009098,-0.000361760317403803,-0.000309202053392325,-0.000641037075168569
"11/1/1999",0.000678468234555583,0.00018025999196487,0.000225548461553657,-0.00134665853125401,-0.000304842073819521,-0.000749466267617313,-0.00141042302576831,-0.00124684665722582,0.000918204296640062,4.32639347795189e-05
"12/1/1999",-0.000947765155672382,0.00186193793340112,-0.00125051900980463,-0.00152936963569141,0.000336478872928757,-0.000889346303955665,5.32783027327112e-05,-0.00190420190879315,0.00175862818605765,-0.00119955134084039
"1/1/2000",-0.00144575024837453,0.000943874415495888,-0.00122418176064108,-0.0012997527381014,0.00032082817792625,-0.000298152296166079,0.00205886439142056,-0.00378815314606801,-0.00176862311076717,-0.000392052930218167
"2/1/2000",0.000514102338200645,-0.000212927760435512,0.000505904122403371,-0.00108069983176053,0.000216781352541043,8.40415387755096e-05,0.000326164443517147,-0.00223072243034228,0.00129487496947207,-0.00123193829813887
"3/1/2000",0.000683627422183702,0.000589856440202865,-0.000873569304147568,-0.000239700295171705,4.43881272562639e-05,-0.000705388906845529,0.00155352000892955,-0.00144061234447044,0.00048056053910763,-0.00117938816380071
"4/1/2000",0.00111211324032307,0.00166271786601971,-0.00127008297001048,-0.000351929425342761,-0.000240612185251707,-0.000891604826454493,0.00121904315827717,-0.00135917828561873,-0.000344347511304175,-0.0012525057125943
"5/1/2000",-0.000151373942721516,0.00077581644524635,-0.000913122517524678,-0.00093825004126723,-0.00104628874852266,-0.000998731596106246,-0.000182989872274938,0.00421838690938965,0.00184996611691239,-0.000913665075002469
"6/1/2000",0.00228691194938737,0.00273841758412354,2.76698603228432e-05,-0.000849437934653491,-0.000359483495572941,-0.00105487616114543,0.00426972107469991,-0.00177295165427148,-0.00030320756294685,0.000342032773420428
"7/1/2000",0.00158142967238212,0.000620230386585788,0.00132041558395688,-0.000671223278554543,0.000276960652666984,-0.000705409237713857,0.00132271277672893,-0.00160097185915863,-0.000240240837934989,-0.000999013065419922
"8/1/2000",-0.000880128474495679,-0.000193053642374742,-0.000265729194125889,-0.000890080034369332,0.000251994668232741,-0.000217968749654344,-0.00120443477650237,-3.50345796968727e-05,4.77368620388345e-06,-0.000694971674338843
"9/1/2000",0.000135714944320567,-0.000505693480488818,0.00565676859694829,-0.00103562350483354,-0.000384858088764313,-0.000831506317972125,-0.00114424216389701,0.00274274521246504,0.000612638563771131,0.00209576312778042
"10/1/2000",4.03578850870596e-05,-0.000638879569528055,0.00538944111687104,-0.000282146914522696,-0.000621042341075919,-0.000549546956102705,0.00218096754216958,0.00774832693843278,2.22130277640525e-05,0.00164840025606244
"11/1/2000",0.000435397524273702,0.000301919124361502,-0.000253594163787012,-0.000698106480292534,-0.00116528940661537,-0.000106010385017848,0.00238211530564546,0.00176774176106028,-0.0012937102812983,-5.38369761983349e-05
"12/1/2000",-0.000578510103044694,2.5853820366e-05,0.000112742371061176,-0.000667850858338524,0.00010006548674283,-0.000143737460455961,-0.00118863888804086,-0.000557029361296252,-0.00214601865190938,0.00109529321228556
"1/1/2001",-0.00029003719843279,-0.000630399689274634,-0.000763177429208569,0.00140108224374185,-0.000187943095579773,-0.000311580798030785,-0.000728795090076437,-0.000673475398127675,-0.00190804174103827,9.88424565857327e-05
"2/1/2001",0.000512118681415685,-0.000670259401628668,-0.000701408781281017,0.000745946100807215,-0.000206656433100312,-0.000500370723598163,-0.00159078615080663,0.00228565409243307,-0.00138395422639317,0.00012222443720687
"3/1/2001",0.000314594122117257,-0.000325473511644602,-3.74775902369823e-05,-0.00106552550691799,-0.000344292216796405,-0.000330737729240191,-0.0012545719414939,0.000831081298351788,-0.000515724414987594,0.000631634265453168
"4/1/2001",-0.00119148416235802,0.000416486412568802,-8.93646523047228e-05,-0.00166679179263686,7.74925162409104e-05,-9.30929613721155e-05,-0.00107014651984946,0.00327745305614329,-0.00177961257999842,0.00111888606605765
"5/1/2001",0.000490066764525204,0.000346070396142251,-0.000415775770376545,-0.00109862771587692,-0.000243239068395665,0.000668630179666717,0.000907120967406067,0.00312553023682059,-0.000793735048357511,0.000803342841931271
"6/1/2001",0.00115054383868156,-0.000594354811082327,-0.000177136090712346,-0.000818228295180979,9.36160791172022e-05,0.000257110168995806,-0.000184685898648588,-0.000836235493815329,0.00139865726954078,3.24370370467439e-05
"7/1/2001",0.000282731485215443,-0.00101936292061167,-0.00102893182969577,-0.000556319979214362,0.000477237034431841,0.000880894903663084,-0.000612363388687609,0.00220297706133587,0.00179770127258214,0.000722570896718931
"8/1/2001",-0.000162426966829016,-0.000930766015254652,0.000766879692959814,-0.000769832071001975,0.000136144535202368,0.000916401650027306,-0.00180323645443391,0.00399163228254803,0.00151113584437083,0.00116053152997382
"9/1/2001",0.000348276967072008,-0.000752221422140552,0.000117907835058098,-0.0018121881453452,-0.000532044179076655,6.21538942524383e-05,-4.18882641635304e-06,-0.00113699989377443,-0.000743694184026422,-0.000308215317071832
"10/1/2001",0.000123011987554851,-0.000943762689630847,-0.00107342853943922,-0.00134907025329331,-0.00124500733838209,-0.000974854089807899,0.00260749723628614,-0.00152261020603974,0.000792706511040184,-0.000183873387163854
"11/1/2001",-0.000631878328030019,-0.000641336978953603,-0.000909009279972739,-0.000248495830269142,-0.000350781562160202,-0.000531292140547646,0.000144760927764326,-0.000793228128437262,0.000553578096913682,0.000190429518731752
"12/1/2001",-0.00198766029725125,0.000214763327359471,-0.00138297302828587,-0.000235969040791639,0.000417984504167939,7.49770596395787e-05,-0.00115494113483539,-0.00211242510704639,-0.00108490854213252,0.000737853762764013
"1/1/2002",-0.000727474395438382,-0.000519144082497364,-0.000984427301009293,0.00568320148116632,0.00037843694987197,0.000106327216479975,-0.00140994911185381,-0.00190410552625481,-0.000152589702138013,0.00214547376767413
"2/1/2002",0.000490067916911241,-0.000184502813114703,8.12467416697773e-06,0.00503005295228057,-3.68168961780456e-05,9.30071200912163e-05,-0.000811634073427482,-0.00105350562461771,-0.00137055100378677,0.000199079068359252
"3/1/2002",0.000324037939241337,-0.000629993145032113,-0.000372693435627822,0.00232482235457853,-0.000211554631933341,-1.77434252005287e-05,0.000265173634777929,-0.00192773639009407,-0.000959974510738265,-0.000350920614409932
"4/1/2002",0.00103332263685638,-0.000782097817209117,-0.00163975045207163,0.00123589453688239,7.53575445353915e-05,0.000603971529888876,0.00440017165044622,0.00283931070314268,-0.00121611939197259,-0.000946558766565392
"5/1/2002",0.00130823585340493,0.000643289852904003,-0.00223533723552502,0.00148450027900426,-0.000461920407026193,-0.000130559198050517,-4.65445662430831e-07,0.00152279788033577,-0.000926261284160753,-0.000985742406253626
"6/1/2002",0.000842332947245435,0.000197028608912614,-0.00134859937183926,0.00121062231326354,-2.08051182918644e-05,0.000193266700033634,-0.000916184264616487,-0.00134787940271953,-0.000776219387979832,0.000307531956198224
"7/1/2002",-0.00155332885503776,-0.00020598281332889,-0.000740690370579803,0.00224418678388345,-1.76498234142976e-05,0.000678952586081361,-0.00150732681168747,-0.00169436993966873,-0.000825024195295233,-0.000305231772838168
"8/1/2002",-0.000562042754325631,-0.000169342234816652,-0.00209284492761492,0.00191563447193219,-0.000517286511745284,0.000974617164568639,-0.00157308486122341,-0.00261503782007564,-0.00103941975447302,-0.000513847129362988
"9/1/2002",-0.00106607533555274,0.000241247184549111,-0.00111276569006443,0.00227605049210184,-0.000139084936800683,-4.59599609230652e-05,-0.000942553816973456,-0.00212581387731032,-0.00133251486148546,-0.000474215929963245
"10/1/2002",-0.000793135918014787,0.000205256945693041,-0.00142540186113672,-0.000486248456086623,0.000730754942171094,0.000185422037464939,-0.000957280965895255,-0.00128249423714885,0.000829416810516625,-0.000332432781314618
"11/1/2002",-0.000566236747136407,0.000325974510292001,-0.00242147798414417,-0.00208603226683743,0.000304055687044307,0.00105413409876784,-0.00089465680969304,-0.000851085341807521,-0.000839115246776988,0.00033241935285972
"12/1/2002",-0.000926707926065741,-0.000249262519417785,-0.00187377580273121,-0.00148570128404802,0.000494457900473914,0.00149986023811617,-0.000908643303790263,-0.000272258589092721,-0.00105662094419908,0.000308459420417419
"1/1/2003",-0.000699423479415539,-0.000517960956574981,0.00174787664377932,-0.00107494671099592,0.000714229209212183,0.000409501884337001,0.000141314209209823,-0.000365407680549608,-0.000532587595997628,0.0013900694279921
"2/1/2003",0.000308820624874934,-0.000315800484008728,-0.000830349420188705,-0.00100595983509613,0.00107856490340907,-0.000493148326442025,-5.78963389327236e-05,0.00281508722984436,0.000134899747440082,-0.000461095725011989
"3/1/2003",-0.000435750725856208,-0.000577899110063491,-0.00136472673575157,-0.00105854007579124,0.00123232692299848,-0.000411479269491534,0.000921121288065637,0.00163224488533452,0.0016573691787022,-0.000382900250313919
"4/1/2003",-0.000779413946582025,0.000227278058540101,-0.00228692499430224,-0.00141534610379333,0.000539568459775894,-0.0010372911815864,0.0018173117650235,0.00403211488473419,0.00263277146661194,-0.000944872790984118
"5/1/2003",0.00155789999393803,-8.48855649528123e-05,-0.00196272141704564,-0.00147269652942272,-0.000308621103304887,-0.000575990265541549,0.00215666271068991,0.00252508059085609,0.000285465931058439,-8.86426490107946e-05
"6/1/2003",0.00145803109907749,-0.000790490121597285,-0.00192885411945532,-0.00183699866906866,0.000116686092363464,-0.000471484177675547,0.00125074232518347,0.00116951879835323,0.000264935024644005,-0.000231676594381486
"7/1/2003",0.000535491398015272,-7.17976671235085e-05,0.00051472537221779,0.000297430340955081,0.00061208928019843,-5.75954155508577e-05,-0.000662946049794649,-0.00169911151194467,0.000942039689146276,-6.00333149075812e-05
"8/1/2003",-0.000761759223892473,-0.000276836348171394,0.00296989937433159,7.58677415456445e-05,-0.000103005246856653,0.000131005242753666,-0.000935440014498297,-0.00279103385964796,0.00163359384202485,0.000232769652045724
"9/1/2003",0.000531491304174461,-0.000771479776649772,0.00393344665398888,0.000516863465906129,7.98557587321247e-05,-0.000284529508541807,-0.00198334032798341,-0.00226367085191175,0.00111610678463011,-0.000157533875539876
"10/1/2003",-8.22286824999201e-05,-0.000101327838201126,0.00450712663521133,0.00119844039171381,-0.000727792604265457,-0.000327972534258145,0.000775589904883936,-0.00176316470236501,0.00052725171188134,-0.000964331926259177
"11/1/2003",-0.000213285445402725,0.00081758469366453,0.000703510038026808,-0.000610265775304759,-0.000169310771004021,-0.000103950947444402,-2.63291638053552e-05,0.000276859328533361,-0.000330337782157592,-0.000726004145369745
"12/1/2003",-2.8400044400187e-06,0.000494669050994439,0.00171092017541424,-0.000787517888647917,0.00088363033284674,-0.000350906559974917,-0.000799378333643137,-0.0011081216819275,0.000653467152258174,-0.0006096440737987
"1/1/2004",-0.00014041341036314,-0.00054349382340794,0.00300801071532176,0.000440739624905602,0.000616620973427013,0.000349041251290599,-0.000650355034177971,-0.0012164723052087,8.47621718899174e-07,-0.000483303524688674
"2/1/2004",0.000419948401169773,-0.000715568807102175,0.00368312371392081,-8.28118102193334e-05,3.42799906807619e-05,0.00049042783968966,-0.000471528893777211,-0.00138761259976157,0.0008995256888128,-0.000811512060636292
"3/1/2004",8.14405202434651e-05,6.52163657644781e-05,0.00265751145868907,-0.00020297676433416,0.000229649448072157,0.000261944547818803,-0.00209916294796036,-9.88583846420019e-05,-0.000253694702572945,-0.000934128807083401
"4/1/2004",-0.000119149034220255,-2.50874019248016e-05,-0.000739080940790639,-0.00075638497522051,0.000472736215476417,-0.000264724547821467,-0.000858863080103969,0.00285678155610031,-0.000355213353669613,-0.000577424354829068
"5/1/2004",0.000918766951267543,0.000164613929946816,6.21543030013041e-05,-0.0015596662207349,8.71025039096481e-05,0.000425434564775377,-0.000528142324793192,0.00120926933785391,0.000614851823065753,-0.00142074022866401
"6/1/2004",-0.000508322057409285,8.01424033908553e-05,0.000160254734624792,-0.000738978472891212,0.000376833752052762,0.000450554706058372,0.00279860287336139,-0.00231111345817942,0.00126077206361707,-0.000431657647230114
"7/1/2004",-0.000572639356495759,-0.000159432586461358,-3.26454442561234e-05,0.000274488724884061,0.000306259172075981,0.000664168529839899,-0.000499879962689773,-0.00298708722414441,0.000340152582438431,0.000324152565817351
"8/1/2004",-0.001314886588368,-0.00039328108841009,-0.000862793065170169,0.00186211473178288,-0.00053828266601868,0.00171462796857273,-0.00244587234863705,0.000122842370604959,-0.000780326142667193,0.00100338805515149
"9/1/2004",-0.00065677065944561,2.25054610052926e-05,-0.000756351720942426,-0.00156903080286255,-0.000914541591826659,-0.000134542133129963,-0.00192587295977492,0.0039920171295923,-0.00111066298441937,0.00229472268817813
"10/1/2004",-0.000936508855524039,0.00069704631745914,-0.00114453135204272,3.26919603428257e-05,-0.000327903936312553,-2.13422902938509e-05,-0.00149797956340052,-0.00106524454870661,0.000654668693892559,0.00149224568501403
"11/1/2004",-1.64624714825578e-05,0.000564251212289078,-0.000851025909114072,0.000921389552450028,0.000475737334915232,-0.000226748622910551,-0.00225805764176329,-1.01164062803076e-05,-0.000523875463000205,-0.000370331827585829
"12/1/2004",7.53536089754509e-05,-0.00017658423706681,0.000261665505397285,0.00101865693394772,0.000366770391749295,2.0501347555759e-06,-0.00192707985271071,-0.000804333678806211,-0.00137974878288411,-4.36314001439565e-05
"1/1/2005",-0.000482065946535735,-0.000740788557176801,0.00956952614325345,-0.000380349345949386,0.000214321508355218,0.000385240921028277,-0.00190627356829226,-0.00213315136380717,-0.00145056084830199,0.000588531913120696
"2/1/2005",0.00142236284639123,-0.000707882103054996,0.00027904302487138,-0.000487169977890505,-0.000432089773177062,0.000157335661039626,-6.26550363404581e-06,-0.00111994120880467,-0.00100638746204524,0.000175724195732587
"3/1/2005",0.00142056022333072,-0.000488439862843896,-0.000319328034147617,-0.0013203382713002,0.000400594852861431,0.000860314005321557,0.00750411210527133,0.000181340114836734,-0.0014220099472346,-0.000175020439828001
"4/1/2005",0.000688873876716581,-0.000970836575036697,0.00494625158480716,-0.00049389024687173,-4.05365111680868e-05,0.000789439888937486,0.0014265012835667,0.00269989752003209,-0.000907299139535978,-0.000661493942519807
"5/1/2005",0.00124709484864543,-0.000980855439501172,-0.000227815297657743,-0.000309896929340146,-0.000434791108145533,0.00102349986077451,-0.000354429232582025,0.00176932343085457,0.000829319678141498,-0.00101943479673746
"6/1/2005",-0.000569510742789346,-0.000298740225349854,-0.000917002184744603,-0.000652056197446501,0.000530345220101004,0.000872406251013657,-2.58195349230747e-05,-0.000543165263399712,0.000236079260568776,-0.00047699305831573
"7/1/2005",-0.000742263449304718,-0.000625132687137045,-0.000779546019095408,-0.000945010517869305,0.00042272438700375,0.00118001676954605,-0.00084902728548875,-0.00155637083634044,0.00405506285544915,0.000802295879576801
"8/1/2005",-0.00106682585034045,-0.00034054066392546,-0.000994512611065973,0.000320490289038195,-7.2354930523548e-05,0.000534984143846703,-0.000363103733649564,-0.00108149427256263,0.00302879451410573,-0.000135680470587085
"9/1/2005",-0.000840510495380638,8.19448343817227e-06,-0.000489785561983272,-6.27834905744648e-05,-0.000766809769763336,-0.000145504803320217,-0.00172719369471914,-0.000804674478620985,-0.000207635451519026,0.00114587664540518
"10/1/2005",-0.00159935636906005,0.000716764570621483,0.000549949442575585,0.00138249220248686,0.000331490117722983,-0.000928283733473865,-0.00105570596243065,-0.00178358860909717,0.000452593480777819,0.000697211855428208
"11/1/2005",-0.00060231843799321,0.000683531213648169,-8.65758667795966e-05,0.00412976115862382,0.000176791524617572,-0.000517342447688275,0.00123463743451635,0.000453998154598757,-0.000319087184789668,0.000604344623614311
"12/1/2005",0.000748669542478786,0.00122515137590718,-0.00119588635248695,-0.000170545702121354,5.39537385684651e-05,-0.00055306752080955,0.000196679734561041,-0.000440040976471638,0.000416477129616089,0.000358007457347341
"1/1/2006",-0.000310123565985061,-7.04158648567516e-05,-0.000938924755267066,-0.000600055892070586,-0.000548571586416537,4.73821943206689e-05,0.000468874281216618,-0.00232428662737583,-0.00118468169854616,0.000747501856708401
"2/1/2006",0.000422017818117851,6.6986483460079e-05,-0.00125877326720007,-0.00113366137848846,-0.000786581162690432,-0.00064780667347992,-0.000243322608973919,0.00217562122407997,-0.00137737905063825,-0.00100635686455828
"3/1/2006",-0.000141919241604276,0.00101595718258446,-0.0012932790113606,-0.00133831732306424,-0.000323544436977591,-0.000383144896185513,-0.00190973090680682,0.00318145670064759,-0.000840042487062741,-0.00121270526969136
"4/1/2006",-0.000752727375291481,0.000929333607839557,-0.00168804834097998,-0.00198614826064819,0.000290437774778939,-0.000358585252895351,-0.00341280995727772,0.00495919075002674,-0.00106470405422331,-0.000507361383509588
"5/1/2006",0.000627281731421067,0.00030784878205482,-0.00157402997700724,-0.00177906635075448,-0.000226221016214137,-0.000615233376519437,-0.0018314333994523,0.00161878082922405,-0.000631476840586591,-0.000679824182816124
"6/1/2006",0.00158074099252237,0.000156089761302481,-0.00101330456345737,-0.00111684233655045,-0.000225777500112029,-0.000832884052978451,-0.00233582809686584,-0.00129922396012409,-0.000982273587343844,3.09149765904924e-05
"7/1/2006",0.000175217200163117,-0.000145213041294134,-0.00142625605154915,-0.00131780506309159,6.84894876852478e-05,-7.92150483236244e-05,0.00291054415659168,-0.00211588401469311,-0.00158264551850449,7.11415759254741e-05
"8/1/2006",-0.00138702903093216,2.42903707593994e-05,-9.20496424509378e-05,-0.00209642565642457,0.00020039952528776,-0.000181745877816164,0.0221202395822702,-0.00213009331827297,-0.000523132286957803,0.000164514780528719
"9/1/2006",0.000341255633672103,0.000538393148042426,-0.00101094222114124,-0.000343582237607406,-0.000558917798235018,-0.000377704587464131,0.00972131715006627,-0.00263823379028867,6.91677524464682e-05,0.000478710795040334
"10/1/2006",0.00010339334624446,-0.000185748938118854,-0.000312087142646738,0.000591666616322464,-0.000225649821096804,-0.000145870524754316,-0.000123432687668498,-0.00137568636487941,-0.000128254377096879,-0.000594732237459182
"11/1/2006",-0.00036287723971997,-4.46057302011592e-06,-0.00125445107988904,-0.00143647307337112,-0.000638205473939959,-0.000616085217839804,0.000997006644000629,-0.000177458066728387,-0.00106707187249508,-0.00056267612053863
"12/1/2006",0.000404232425275776,0.00017848235251888,-0.000441420246451703,-0.000941571648564017,-0.00046903931615044,-0.000596623316435668,0.0046578700083192,-0.000574294954456442,0.000290148039976251,-0.00033739931519865
"1/1/2007",2.70367077807252e-05,2.2455938977967e-05,1.61872525920069e-05,0.00919431715183376,4.6524716720353e-05,-0.000416150909363644,-0.00065317326620488,-0.00148593722396352,-0.000887904197886012,0.00156059607235502
"2/1/2007",-0.00027250901619952,0.0002995258803336,7.18792592790434e-05,0.00641828282110302,-0.000238290564965129,-0.000126973846745503,-5.15421118474301e-05,-0.00102199028075067,-0.000764464559344773,0.000128222416464439
"3/1/2007",-0.000767510499349526,0.000264167166563011,0.00138311449744396,0.000490039115929739,-0.000319378496208745,-5.93705524931153e-05,-0.00110043749804075,-0.000587010737365331,-0.000409544915920047,-0.000261444763934123
"4/1/2007",0.000156619977379362,-0.000220795909077319,0.00022023926176256,-0.000390677944242565,-0.00033714629975601,-0.000382761798008384,-0.000190821706457095,0.000556015065109284,0.00216134397735766,-0.000848096864280323
"5/1/2007",-0.000612605072019043,0.000182947288524615,-0.000649714453679354,-0.00138190523085661,-3.34848233656289e-05,-0.000298844244633534,-0.00157305966788061,0.00333343800992359,0.00201202144495149,-0.000715821900858068
"6/1/2007",-0.000330292908726677,0.000487310281375482,-0.000374682454942046,-0.00147112087094724,0.000334621362194557,-0.000280201132449022,-0.000538078341011321,0.0120793785546533,0.00157734345797143,-0.000578700463314821
"7/1/2007",-0.000886541776378764,-0.00023907196990635,-0.000887097411091352,-0.000806934367655148,-0.000173590378803689,-0.00035567767390584,-0.00122305529414039,-0.00151316141087437,0.00351237672420225,-0.000832103910656202
"8/1/2007",-0.000626401201125782,-0.000159516263996058,-0.000173177640613053,-0.000825636581421181,-0.000354871115452334,-7.61678923380916e-05,-0.00165549872005873,-0.0035734597554804,0.000250630874793435,0.000782156566552265
"9/1/2007",0.000150790755535335,-0.000103300402092606,0.00136416626156778,0.000533687661113199,-0.000659833667928894,-0.000212731492231771,-0.00204931559811657,-0.00216391870241971,-0.000367259020769686,0.000314038852730804
"10/1/2007",0.000917492772163141,-0.000487201071051754,0.0013400862580713,0.00340287161963293,-0.000360754347005771,-5.55412181014099e-06,-0.00221322087477001,-0.000597087686151379,0.000573865983191882,0.000645454875837011
"11/1/2007",0.00147324580409655,3.7415271412375e-05,0.00136995294577244,-0.00202190165732279,-0.000108258400516053,-0.000218316129378424,-0.00190841571388387,-0.000535692637423999,-0.00149015206674075,0.00117153293754163
"12/1/2007",-0.000118652494700249,0.000242654788168186,0.000426708070661273,-0.00226104184572638,0.000137444288769977,-0.000239447902013825,0.000198439069278655,-0.000768775802222568,-0.000574415303083301,0.000842573936354337
"1/1/2008",-0.000135440743261367,-0.000380785040116252,0.000456254869257721,-0.00118037965067096,-0.000221964751257144,0.000362095811573057,0.000187688359557873,-0.00061412844729813,-0.000664581953953635,0.00120089353197854
"2/1/2008",0.000313296974881659,-0.000401899625640612,-0.00107834077069782,-0.000923277947466007,0.000219561561308201,0.000260215500896782,-0.000470579998449439,-0.00154786890148803,-0.00105257777822787,-0.000271322051085913
"3/1/2008",0.000160599431160378,0.000168028365462971,-0.000561908250425492,3.60428476325466e-05,-0.000184969931847077,0.000210609725787503,-0.00217229193565545,0.000404342797146403,-0.00103826473776577,-0.000913265120814937
"4/1/2008",0.000934953888248168,-0.000280173551028066,0.00100011104884541,0.000884462095799978,-5.76090131906111e-06,0.000219592380100042,-0.00100884319828031,0.003023063751991,-0.000541265534860437,0.000518461764314862
"5/1/2008",0.00141137062211048,-0.000360770091318071,0.00010050104739112,-0.000504520355995839,-0.000770069855748096,-4.05595895221896e-05,0.00160462389113205,0.00164850119927061,0.00032930515879229,0.00136682016781924
"6/1/2008",0.00173958991507574,-0.000398193801542551,0.00154084012040753,-0.000108574101759414,-0.000578901937583075,9.48571046092021e-05,0.00228776225202157,-0.0011229239494199,1.57587679146786e-05,0.00333898705725632
"7/1/2008",0.000562698457784985,-0.000291151090561684,0.00201954817608376,0.000321124999940357,0.000108785330495288,0.000205152669668628,0.000977308679659865,-0.00174327022535915,0.000391903361730914,0.00379078305513518
"8/1/2008",0.000954231413566491,-0.000158943534517458,0.00147367337556901,-0.000225867746575828,-0.00010986503011637,0.000434652440862773,-0.000608365524650457,-0.00168093918437261,-0.00041058542820198,0.00236850129329675
"9/1/2008",0.000819560035320154,-0.00018904132625423,0.000445943357400953,-0.000659369247321137,-5.23444500653526e-05,-0.000276415092535507,-0.00224050294468877,-0.00079105089002437,-0.000602932017985211,0.00109769763892402
"10/1/2008",-0.0015513035010485,-0.000410839154169196,-0.000678929489350603,0.00743914242965273,-0.000325650061998225,2.08734730412579e-05,-0.00277849178711983,-0.00251194211797218,0.00132577963355872,-0.000503365181088566
"11/1/2008",-0.00113019922231082,-0.000453873983946847,-0.00047743458911408,0.00302369861140484,-0.000157155435918082,-0.000148950167637153,-0.00188636749139535,-0.00153935693995957,-0.000782134887338512,-0.000637899917006995
"12/1/2008",-0.001290927409807,-0.000482712926317376,-0.000814602463085929,0.000348742561136159,-7.05303731939332e-05,0.000138752159859682,-0.00210836337063879,0.000368335132045229,-0.000599212966079736,-0.000154870030927815
"1/1/2009",-0.000576708051174937,-0.00077048702332732,0.000116142525209817,0.00090448156822985,0.00035429545549144,0.000188169333513176,0.0020136573555645,0.000352838908398761,-0.000450189664976822,-0.000912386788757022
"2/1/2009",8.50533053687093e-05,-0.00069487438998394,7.57774191920162e-05,0.00253120686874496,0.000304472028326162,0.000231508047868146,-0.000671827067170258,-0.000976158769948084,-0.000246491958792803,-0.00208071992793558
"3/1/2009",5.43239166212529e-05,-0.000135257334004021,-0.00103810866896925,0.00111855035755984,-0.000248465331734575,6.62103887896694e-05,-0.000789331250547199,-0.00157937811460031,0.000189377276706517,-0.00221302691583845
"4/1/2009",-0.000267344846936934,9.3772181609055e-05,-0.000858094388123194,-0.000167616264217207,1.56897985140665e-05,0.000182518265035748,-0.00186720220275211,0.00461018612355434,0.000420339609986818,-0.00140987857916886
"5/1/2009",0.0004823635564452,0.000345649754259707,-0.0012304719959218,-0.000386428618700207,-0.000308622000174299,0.000224362360430141,-0.00146671916706105,0.00303614537465841,-0.000821328102159519,-0.00147417346754067
"6/1/2009",0.000523036941181007,-0.000160595325063546,-0.00141083168755195,-0.00028297426826999,0.000937906431480514,-0.000307480552577018,0.00123373880518043,0.000325614833589516,0.000777010492379614,-0.00209985762120931
"7/1/2009",-0.000881961781013721,-6.94168513876741e-05,-0.00125848002830782,0.00181209734972082,0.00078508500547099,0.000219330378543076,-0.000444682156668961,0.00233720624487973,-0.000247600289451823,-0.00126276701475366
"8/1/2009",-0.000560939126209697,3.85582616800562e-05,5.92451186600103e-05,0.000509437555336221,0.000134477990423437,0.000365952274649825,-0.00241562747287454,-0.00126107764643936,-0.000658414035640271,-0.00162900718254955
"9/1/2009",-0.000659810511941628,-5.2960571350939e-05,0.000365963442704809,-0.00131910876766105,0.000802901778168294,3.0046945181674e-05,-0.00225743483931838,-0.00194175440468551,-0.000391246277695617,-0.00128307586884687
"10/1/2009",-0.00147247908291622,0.000801973979301053,-0.000473941163287035,-0.000417445796400604,0.0010818011306807,-0.00027610468731564,-0.00294107155073377,-0.00159292581298063,0.000802972626892045,-0.000741755099881632
"11/1/2009",-0.000276261385615028,0.000367468268914037,-0.000266491225352289,-0.000891904996615001,0.000951998532875379,-0.000216816233988262,-0.00242464854560165,-0.00344740622091979,0.000190345283124535,0.000192881148222297
"12/1/2009",-0.000846230367074064,1.35471063343278e-05,-0.000237435373613947,-0.000637293645924357,0.000513373350589627,0.000388401991484968,-6.54282839013992e-06,-0.00181561218618883,1.25562834396588e-05,0.000857163370005493
"1/1/2010",-0.00167203508826327,8.36092751359768e-06,0.000963334316443706,0.00103251895165089,-0.000676587441629667,0.000959267439314023,-0.000115609227147119,-0.00159132497487213,0.000352569145522526,0.000749012794475087
"2/1/2010",-0.000489608592968276,0.000100962573445828,-0.000491378723094556,0.000381377253685822,-0.000385335988507314,0.000837921494756366,-0.00208929908321112,-0.00432038302958353,6.23063080214527e-06,0.000507104542313368
"3/1/2010",0.00088225236760577,0.000711617644785399,-0.000109555640631702,0.000555387900207844,-0.000713177246990074,0.000567384876704518,-0.00297049997452771,-0.00390138767186096,-0.00035148188840208,8.21399012261017e-05
"4/1/2010",0.00150891960433323,0.000355012032142489,5.086899764383e-05,-0.000434110208536647,-2.53678967094933e-05,8.38046236688351e-05,-0.00381462237025591,-0.00129100460767151,-6.37638566376397e-05,0.00036201221148366
"5/1/2010",0.000349552036674894,-0.000156182368795444,7.37272419590727e-05,-0.00112782978320863,0.000789403083683368,0.00032525133394551,-0.00340233020618633,0.00286750986119803,0.00271882021473607,-0.00164274826085447
"6/1/2010",0.00109254158769502,0.000273714491188888,-0.000751939486184716,-0.00116519563676582,0.000820117771786444,0.000493182628410502,-0.00206352397256074,-0.000367092594936806,0.000638816855094856,-0.00104530045870536
"7/1/2010",0.000703184358171114,0.000363392495125502,-0.000219384522176945,9.57887359000442e-05,0.000317594542188602,0.000180611651289645,-0.00408871794865095,-0.00326207675573765,-0.00055353306812787,0.000325813660721462
"8/1/2010",-0.000661523000337119,-3.05600010721782e-05,-0.000209734936297235,-0.000287939277083405,-0.000824491367288484,4.84732226101871e-05,-0.00257637399042893,-0.00376203334890822,-0.000453929635175497,0.000482941371848546
"9/1/2010",0.00105687322248926,-0.000349532281186961,-0.000541053817740722,-0.00118986133685995,-9.721895786641e-05,-0.000142908607453644,-0.00431767323278383,-0.00147756916066052,0.000213716371286693,0.00120979009866387
"10/1/2010",0.00086197070355692,-4.12560216794904e-05,0.000726406493135809,-0.000345864787238826,-0.000926108906519297,-0.000591466816232951,-0.00430432442439897,0.00321539114807583,0.000816975560492255,0.00149720171041574
"11/1/2010",0.00152539499769238,0.00012179039422041,0.00056615296686007,-9.52068282281044e-05,-0.00093816121791192,-0.000608722424053841,-0.00400221493648265,0.00402368086629178,0.000731064102692912,0.000396859565394322
"12/1/2010",0.000889545676434968,0.000187762787508065,-0.000250993659054063,-0.00127659744051744,-0.000792774858485556,-0.000394174652800614,-0.00407522166496372,0.000292149815219653,0.00174506926830145,0.000411046868621556
"1/1/2011",0.00037416370503759,-0.000403818770648704,0.000325255283673173,-0.000117632813477726,-0.000206031851453851,-0.000368031074494181,-0.000370596375678878,-0.000109551154161655,-0.000812252997722651,0.000825983352683249
"2/1/2011",-0.000214115368129225,-0.000345542971100829,-0.000458239740472938,-0.000408480089492841,0.000219988652748265,-0.000514682851662637,0.0167438818107857,0.00857398059801335,-6.79730499384859e-05,0.000348567599683215
"3/1/2011",-0.00124134523274787,-0.000185305540703467,0.000135560839846816,0.00138718165659845,0.000571954210521499,-0.000167028149613916,0.00858187410712593,0.00642110199228743,-8.795194676211e-05,0.00014213772794509
"4/1/2011",-0.000901117234596527,0.000292325150625192,0.000493567468126517,-0.000856833001315322,0.000431370503859519,-0.000211079537543908,0.00289852935047393,0.0019819691702217,-4.73835994650101e-05,0.00015973819516771
"5/1/2011",-0.000121441891001919,0.000190527777295228,0.00118186939863746,-0.00066449304499156,9.87778736398828e-06,-0.000406183446706638,0.00299617186499667,0.00413447106824821,3.16412801147426e-05,0.00079276651381198
"6/1/2011",0.00120935467577748,-8.4489518642057e-05,-0.000603178909024922,-0.00083579083960595,0.000104634074500385,-0.000674795623480382,0.00234765721337102,0.00188906897592286,-0.000816729640352171,0.000424464644617001
"7/1/2011",0.000588493008406299,-0.000428544159117005,3.26974044730423e-05,-0.00118485295175745,0.00080320041521828,0.000161999661390454,0.00108918669079503,0.00067492743560412,0.000528549108472228,0.000617542008875694
"8/1/2011",-0.000835426198673909,8.31163318631326e-06,0.000496447982592546,-0.000930139250405021,-2.51909344781322e-06,0.000479620405877557,0.0013397615958004,0.00104557334608109,0.00124121619229341,0.000569011091440661
"9/1/2011",0.000685900209306086,-0.000158387803926579,6.16722200658805e-05,-0.00100140226858161,-0.000415248310473098,-1.15750675112731e-05,0.000475967758838482,-0.000268288941710992,-5.32435652008258e-05,-0.000550310285229808
"10/1/2011",0.0013875767399585,0.000115376316987524,0.000362519543867981,0.000353893262079662,0.000497231426469024,-0.000347399032160312,0.000181748499714482,0.00231395139445582,-3.69881277411443e-05,-0.000323219186788368
"11/1/2011",-0.00124673352633923,7.80534475393082e-05,-0.000964766023620173,-3.42099826253959e-05,0.00181966778371343,0.000348368348288001,-0.000217837992272584,0.000257138739451007,-0.000322279082411729,-0.000599725197135399
"12/1/2011",-0.00108912060412607,2.55292444404415e-05,-0.00114939072031222,-0.000997421180209308,0.000737051703971858,0.000272807714268757,0.00106369329623581,0.00297317471124945,0.000329497883273765,-0.00073445009417062
"1/1/2012",7.6845406676782e-05,-0.000102992210672979,-0.00122642965218626,-0.000743099534855534,6.94870159153915e-05,6.67467541856551e-05,0.00259225499610361,0.000243463289587483,-0.00020641424456644,-0.000594204657340331
"2/1/2012",0.000723369562944655,-9.38392375024873e-05,-0.000776925018821694,-0.000168124671327803,1.92459723255579e-05,-0.000431336690144418,0.00446747798751617,0.00113532921362732,-0.000517118631417031,-0.00122013607952413
"3/1/2012",6.33630639146766e-05,-3.62007252472457e-05,-0.000656846798196969,-0.000127416024126419,0.000226863400625656,-0.000687936294217332,0.0015109790459931,0.000406418911088231,-0.00116701117442955,-0.000712909398568917
"4/1/2012",0.000173273303587782,-0.000112292464088357,0.000154990229520219,-0.000960640321925065,0.00111696869850642,7.46004682946965e-05,0.00155996504602065,-0.00120149242490019,-0.00109671430337493,0.000392582636101475
"5/1/2012",6.29974169556304e-05,-0.000273111133767834,-0.000200353585599147,-0.00122654502316505,0.000442517524761714,2.39776170612195e-05,-0.00167309808028426,0.00147984698737758,-0.000801454026831176,-0.000121656089619115
"6/1/2012",0.000210481313856112,-0.000129524883186811,0.0012401275122921,-0.000304687209043987,0.00133265981178523,-4.17866178922891e-05,0.00279215054562274,-0.000245591712387698,-0.000527868278267143,-0.00065436860764764
"7/1/2012",-0.00138879571110029,4.56154526687018e-05,-0.000893534495461046,-7.45651593702617e-05,0.000766265892347406,-0.000327665826645962,0.00264489339375014,-0.00433286284115608,0.000140296802727126,-8.20882531183203e-05
"8/1/2012",-0.000950937920611731,-1.53392902892478e-05,-0.000666074187212589,-0.000336990965024863,-0.00040121436026596,4.98822230373325e-05,0.0049615458961001,-0.00425103500854217,0.000120485970310378,0.000116852668712392
"9/1/2012",0.000225808408309603,-0.000118220564515669,-0.00021564051170275,-0.000384777726883305,-0.000514570856527999,-0.000238528851843809,0.000603876085244867,-0.00114849203001995,-0.000823747665612574,0.000255865444332959
"10/1/2012",-0.000889175444436513,1.79187585897865e-05,-0.000101396544188789,0.000423118548207657,-0.000719711542443135,-0.000406418181212495,0.000230668426665791,0.00127240144228249,-0.000264345781575953,0.000493988190063599
"11/1/2012",-0.000607375701679757,1.1190450787037e-06,-0.00109924238308346,0.00087466411153166,-0.000339787987540795,-0.000263456964616308,-0.000386629093840303,-0.00227629524314247,-6.00974364521717e-05,0.00111783784300836
"12/1/2012",-0.000997476052903034,8.05685430110247e-07,-0.000845605564270341,-0.00106504587477622,0.00105098269263366,-0.000300220496968341,0.00252650119275803,-0.00116174373823608,-0.00040568600246895,0.00103257935997718
"1/1/2013",-0.00123668100781289,-0.000157552852228269,-0.000128034950547849,-7.94248510760098e-05,0.000450490926209513,0.00045903895961707,0.000451479871330307,-0.00336773963789148,0.000606618026163983,-1.95445139037914e-05
"2/1/2013",-6.97691342031875e-05,0.000311998522722083,-0.00164143646441436,0.000393259700348052,-0.000309485395425504,-2.04202384178255e-05,-0.00106247321908399,-0.0025979135780572,0.000834534767119226,6.59368922702087e-05
"3/1/2013",0.000491867114489906,0.000102629769332707,-0.00143315229925865,-0.000738059879986295,-0.000250890241998988,3.52307813968224e-05,-0.00166284965727458,-0.00269574017771442,-0.000349483287670027,-6.3312302753532e-05
"4/1/2013",0.000593593423028937,-9.3199004334639e-05,-0.00110201599375182,-0.000749909578882817,0.000100558091756876,0.000169625805756942,-0.000274221035147158,-0.00246695628601071,0.000284213612182772,-0.00119158327961855
"5/1/2013",0.000469530539205552,-0.000151014472376255,-0.00034258558645346,0.00227992381966691,-0.000183477091336307,-2.01228210832487e-05,0.000115373488327389,-0.00180130582529492,-0.000126912841561134,-0.000616259718496055
"6/1/2013",0.0010412718124038,-5.48366323655621e-05,0.000134553551976353,-0.000173764914029186,-0.000479905961539979,-0.000141058630952708,0.00249108568348843,0.00450590186791645,0.000374485166077235,0.00059523147271732
"7/1/2013",0.00140972717355588,4.18213147214539e-05,-0.000531015795783288,-0.000535949436194556,-0.000465806578948694,-0.000134116484972399,0.00230330080916704,0.00710052419366765,0.000337232772819281,-2.79691234897673e-05
"8/1/2013",-0.000286717456601635,0.000100975130337911,-0.000239073571212927,-2.06535945762837e-05,-0.00047396507824463,-9.04697015638959e-05,0.00402988791174502,0.00240555310114171,-0.000295249385904407,8.96963435277261e-05
"9/1/2013",-0.00120103971243656,-4.28792056497898e-05,0.000674972083464541,0.00132534197831198,-4.73252353023657e-05,-0.000231562691405446,0.00950332145680274,-0.0010066394174293,0.000376123170630094,-0.000386687770987149
"10/1/2013",-0.00137066356731334,0.000138372757137222,-3.68890529589938e-05,0.00121394589730608,0.000498412422066868,-0.000209123843444415,3.16256088558935e-05,-0.00256153488651986,-0.000440301974994648,0.000727105683629404
"11/1/2013",-0.00143179997518644,2.67987842693813e-05,0.00302403383010359,-6.72626703089013e-05,-3.89331260873751e-05,-0.000129562594784098,-0.00180907690875219,-0.00282525383310439,-0.000315838612677322,0.00158357804882114
"12/1/2013",-0.000560125345874143,-3.89488631670965e-05,0.000665413793771031,0.000348167346396415,0.00107839832360289,-0.00012977212735424,-0.00267153937711194,0.00418666690011977,-0.000594917256109079,0.000514956634356332
"1/1/2014",1.03918674787197e-05,0.000220423457867012,-0.000398128080525427,0.00101701194362855,0.000141387805892285,9.25087993085348e-05,0.000210989775613114,0.00276007396932065,-0.00104850377280958,0.00043788295210654
"2/1/2014",0.000713331542978452,-0.000104358031914242,-8.17035051070581e-05,0.00100835826649039,-0.000225166467937944,-0.000127562727475603,-0.000484168310326498,0.00311186631029613,-0.000852337613348516,-0.000689032925811013
"3/1/2014",0.00118693001157344,-0.000141618134684489,-0.000575563337027095,0.000845072551797297,-0.000807823384390998,0.00024439749269967,-0.0023578123057913,0.00110155730270745,-0.000453105085129524,-0.000254620734801475
"4/1/2014",0.00170537512515761,-0.000155682820223784,-0.000268239652533573,-6.50073923986816e-05,-0.0002243416283416,0.000147272453398944,-0.00299974013893405,-0.000632594081642682,-0.000998611973298402,0.0012395586256515
"5/1/2014",0.00218468388916411,-5.27696000552707e-05,0.000132877508705819,-0.00064932187919368,-0.000200733153024209,0.000342937815901784,-0.00278911554339128,0.00216982807841192,-0.000203263241407773,-0.000364839553704104
"6/1/2014",0.00164883191099432,-0.000138908175100949,-0.00106081646986091,-0.00016291532313221,-0.000795380003755686,9.74415793713589e-05,-0.00157173014247338,-0.000600486927650996,0.000273550188271459,-3.31460480593654e-05
"7/1/2014",0.0010962835670366,-6.79310722859512e-05,0.00255781590831244,0.000532972619739569,-0.00105127291749854,5.0060386791907e-05,-0.00267659256189512,-0.00385973813379411,0.000383458976066215,-0.000121513758298858
"8/1/2014",-0.000385807860238179,-0.000333113572248148,0.00104993648282909,0.000548020660351092,-0.00114155289705416,-9.20300541232979e-05,-0.00270873542634823,-0.00232199761851402,-0.000476601242257081,4.57573231744441e-05
"9/1/2014",-0.000629855887453743,-0.000302094560646417,0.00235262572396631,0.000428592210180633,-6.57285809524356e-07,-0.000129782507450831,-0.000228310511365427,-0.0028995985049035,0.00202998440851294,-0.000709602373819228
"10/1/2014",-0.00113331499908361,-0.00010493425221946,0.00055349087083512,6.53197968864351e-06,-0.000516801958055435,-0.000226492808044866,0.00099375296892658,0.00175985211547997,0.002293304138334,-1.61449541292954e-05
"11/1/2014",-0.000769989777003692,-0.000230912252224336,0.000718312405814779,-0.000350202620589241,-0.000278727822747243,0.000148815058690922,-0.00170443364465926,0.00162276495595602,-0.000266620165112112,0.00032729228595285
"12/1/2014",-0.000686450692494799,1.72135204285785e-05,5.14014336777019e-05,-0.000175919839227153,0.00015312184016074,0.000107338256805113,-0.00235377784139937,0.00172480183179586,-0.000697684571301675,0.00045264622770684
"1/1/2015",-0.00139851508749615,-0.000276019000459012,0.000516600621728559,-0.000135952530230485,-0.000700092208642898,0.000398774733376078,-0.00212669263259468,0.0034533517441149,-0.00146270702147761,0.00114322112862521
"2/1/2015",0.00128864216692651,-0.000312177869943402,-0.00131887626746655,-0.00109175742048938,-0.000181436012142401,4.26679612084386e-06,-7.39986881295143e-06,0.0017890473749206,-0.00127704877070387,0.00041822788242798
"3/1/2015",-9.35517019899968e-05,-0.000441852574491623,-0.00135683733201477,-0.001031262473905,-6.44785584676948e-05,-0.000136466202707712,-0.00121292954000344,-0.00165920228137141,-0.000568543582443911,-0.000153570439606011
"4/1/2015",-0.000522933112308736,-0.000173095020455328,-0.000608422343592779,-0.00105136472511398,-0.000427977405186092,-6.7152902874778e-06,0.00234068258694231,-0.000234818131139594,-0.000645860582355402,-0.000461202593094998
"5/1/2015",-0.000513270707821787,-1.69707494758911e-06,-0.00163725596387251,-0.00135578062644647,-0.000441670501851044,6.95473199715046e-05,-0.000423842478284972,-6.50453885982423e-05,0.00186053406385336,-0.00142328894102374
"6/1/2015",0.000390161763768725,0.000189951281061866,-0.00122913113782166,0.000356528096089501,0.000792084810939876,0.000361945107126327,-0.00176582648917354,0.00188787618596994,0.000685553779027873,-0.000395345000948549
