"date","ConstrProd","IP","ConstrNO","INO","ConstrTurn","ITurn","RetTurn","CPI","CPIEN","PPI","PPIEN","EPI","IPI","HW","ConstrHW","Empl","GWMan","GWConstr","CDAX","Bond1","Bond5","Bond10","EERN","EERB","TotalDebt","BankDebt","CorpDebt","PublicDebt","ifoIndTradeClimate","ifoIndTradeCurrent","ifoIndTradeExp","GfKBCE","GfKIE","GfKWtB","GfKCCI","ESI"
"Transform:",3,3,3,3,3,3,3,3,3,3,3,3,3,3,3,3,3,3,3,2,2,2,3,3,2,2,2,2,2,2,2,2,2,2,2,2
"1/1/1991",126.4,84.5,144.9,73,13277812,69.1,NA,68.6,71.1,77.6,83,86.3,86.1,172.53,149476,39214,92.06,4049275,152.63,8.97,8.98,8.61,NA,NA,9.1,9.2,9.35,9.1,9.9,18.1,2.1,NA,NA,NA,NA,106.5
"2/1/1991",101.5,83.5,148.8,69.8,12482908,67.9,NA,68.7,71.4,77.7,83.1,86.2,85.4,171.7,120742,39110,92.47,3499918,165.33,8.69,8.57,8.31,NA,NA,8.7,8.8,9.07,8.6,10.2,20.1,0.8,NA,NA,NA,NA,104
"3/1/1991",117.4,83,155,71,12989146,68,NA,68.7,71.6,77.6,83.3,86.3,85.8,169.54,136166,38979,92.41,4148855,163.26,8.77,8.71,8.47,NA,NA,8.6,8.7,8.74,8.5,7.3,14.3,0.5,NA,NA,NA,NA,100.1
"4/1/1991",116.3,82.3,152.3,69.3,13487381,67.7,NA,69.1,71.9,78.2,83.6,86.7,86.7,166.58,134040,38977,93.33,4249428,173.2,8.87,8.63,8.24,NA,NA,8.6,8.7,8.71,8.5,7.4,12.6,2.3,NA,NA,NA,NA,100.4
"5/1/1991",114.9,81,155.4,68.8,13811988,67.5,NA,69.2,72.1,78.3,83.6,86.6,86.6,165.18,132500,38943,96.23,4220913,179.18,8.69,8.47,8.19,NA,NA,8.6,8.7,8.66,8.5,4.9,7.5,2.3,NA,NA,NA,NA,100.5
"6/1/1991",115.1,84.4,159.5,69.9,13939151,68.9,NA,69.7,72.3,78.4,83.8,86.7,86.9,165.87,131354,38828,97.14,4255082,174.69,8.85,8.73,8.41,NA,NA,8.6,8.7,8.58,8.5,4.8,9.9,-0.1,NA,NA,NA,NA,100.2
"7/1/1991",116.1,82.1,159.3,68.2,14186930,67.8,NA,70.3,72.8,79,84,86.9,87,163.57,132392,38711,94.45,4246441,171.58,9.11,8.97,8.61,NA,NA,8.9,9,9.28,8.8,3.5,7.3,-0.3,NA,NA,NA,NA,95.7
"8/1/1991",115.2,80.8,163.1,71.9,13979811,67,NA,70.6,73,79,84.1,86.8,86.7,161.61,131033,38560,94.99,4219120,173.62,8.84,8.75,8.31,NA,NA,8.9,9.1,9.02,8.8,2.3,4.6,0.1,NA,NA,NA,NA,94.3
"9/1/1991",116.6,80.5,172.4,68.3,14162845,67.4,NA,70.7,73,79.3,84.2,86.8,86,161.3,132143,38521,94.4,4326721,168.73,8.84,8.75,8.26,NA,NA,8.8,8.9,8.94,8.7,2,4.2,-0.1,NA,NA,NA,NA,94.8
"10/1/1991",117.8,81.8,162.3,69.7,14263567,68.9,NA,72,74.4,79.2,84.3,86.8,86.1,159.71,132801,38546,94.56,4420540,165,9.05,8.73,8.23,NA,NA,8.7,8.9,8.91,8.6,2.7,4.5,0.9,NA,NA,NA,NA,95.8
"11/1/1991",119.9,82.6,162.8,70.9,14751846,70.5,NA,72.3,74.6,79.3,84.3,86.8,85.8,160.16,135253,38558,94.39,4499530,163.01,9.07,8.68,8.12,NA,NA,8.7,8.9,8.91,8.6,2.7,3.8,1.6,NA,NA,NA,NA,94.6
"12/1/1991",120.5,82.7,156.9,71.7,14295861,68.9,NA,72.3,74.7,79.3,84.3,86.7,84.8,157.16,136019,38537,94.43,4341394,161.59,9.01,8.46,7.91,NA,NA,8.7,8.8,8.88,8.5,0.5,2.2,-1.1,NA,NA,NA,NA,95.2
"1/1/1992",125.2,83.7,164.9,71,14813323,69.7,NA,72.5,75.2,78.9,84.4,86.9,84.5,158.79,140893,38530,94.89,4384558,170.16,8.83,8.08,7.7,NA,NA,8.3,8.5,8.84,8.1,-2.7,-2.5,-2.9,7.9,11.5,-23.4,NA,94
"2/1/1992",133,85.1,178.5,71.2,16223581,70.3,NA,72.7,75.4,79.3,84.6,87.1,84.8,158.65,148957,38497,95.97,4618817,177.4,8.79,8.05,7.65,NA,NA,8.2,8.3,8.59,8.1,-3.4,-1.4,-5.3,6.8,10,-20.9,NA,93.2
"3/1/1992",128.8,82.7,172.3,70.6,16304627,69.3,NA,73,75.7,79.5,85,87.1,85.1,157.2,144746,38449,95.53,4712599,174.46,9,8.28,7.73,NA,NA,8.2,8.3,8.61,8.1,-6.4,-7.4,-5.4,-3.2,-0.4,-32.2,NA,90.6
"4/1/1992",126.7,82.6,169,68.5,15983488,69.5,NA,73.4,76,79.8,85.2,87.4,85,155.63,141100,38415,95.88,4513743,175.57,8.95,8.29,7.85,NA,NA,8.3,8.5,8.71,8.2,-7.5,-8.3,-6.7,-10.5,-3.6,-31.1,NA,88.6
"5/1/1992",128,82,165.7,67,16084659,69.1,NA,73.6,76.1,79.7,85.4,87.4,84.9,154.73,141807,38389,95.73,4789847,181.3,8.99,8.22,7.82,NA,NA,8.4,8.6,8.86,8.3,-8,-10.2,-5.7,-12.7,-7.4,-39.9,NA,87.5
"6/1/1992",126.7,80.8,170.3,65.5,15925320,68.4,NA,73.8,76.6,80,85.6,87.4,84.6,152.36,139827,38345,96.71,4746883,175.51,9.08,8.34,7.92,NA,NA,8.4,8.6,9.14,8.3,-9.7,-12.4,-7,-8.5,-1.8,-40.3,NA,88.7
"7/1/1992",123.2,79.2,162.7,64,15779143,67,NA,73.9,76.7,79.8,85.6,87.3,84,150.12,135583,38288,98.66,4793911,161.84,9.31,8.47,7.96,NA,NA,8.5,8.7,9.25,8.3,-11.5,-15.7,-7.3,-2,2.1,-31,NA,89.1
"8/1/1992",127.5,79.6,161,64.7,16448363,67.2,NA,74,76.7,79.8,85.7,87.2,83.4,151.09,139734,38212,97.06,4726443,152.65,9.47,8.32,7.87,NA,NA,8.6,8.8,9.34,8.4,-18.2,-18.6,-17.8,-1.1,4.9,-19.6,NA,85.3
"9/1/1992",127.2,78.8,163.6,65.1,16249971,67.9,NA,74.1,76.9,79.7,85.7,87.1,82.9,148.92,138986,38141,96.54,4817015,146.68,8.29,7.77,7.46,NA,NA,8.2,8.4,9.03,8,-19.1,-18.9,-19.2,-11.7,-4.9,-30,NA,82.2
"10/1/1992",125.1,78.7,166.3,61.4,16269383,66.7,NA,74.5,77.3,79.6,85.5,87,83,148.24,136021,38082,96.01,4790256,148.54,7.72,7.26,7.24,NA,NA,7.6,7.8,8.5,7.4,-25.3,-23.6,-27,-13.8,-6.1,-31.5,NA,78.2
"11/1/1992",127.7,77.5,166.1,62,16415277,66.3,NA,74.7,77.5,79.7,85.6,87.1,83.3,146.04,138432,38035,95.91,5140680,151.53,7.6,7.21,7.17,NA,NA,7.4,7.6,8.25,7.3,-28.2,-27.9,-28.5,-24.4,-11.5,-20.3,NA,74.2
"12/1/1992",137,76.2,183.5,63.4,19226491,67.2,NA,74.7,77.6,79.7,85.6,87.1,83.2,144.64,147799,38005,95.2,4941185,151.26,7.58,6.96,7.06,NA,NA,7.4,7.5,7.86,7.3,-26,-26,-26.1,-28.3,-19.6,-18.3,NA,74.8
"1/1/1993",128.1,75.4,173.1,62.3,16774293,63.9,NA,75.8,78.7,79.6,85.6,87.1,83,142.69,138722,38004,93.68,4788088,154.62,7.32,6.84,6.96,100.0106,74.6656,7.1,7.2,7.47,7,-27.7,-33.3,-21.9,-31.5,-21.2,-37.7,NA,74.7
"2/1/1993",128.1,74.3,169,60.5,15742185,63.8,NA,76.2,79.1,79.8,85.6,87.1,83.1,139.07,138081,37976,92.52,4856657,164.32,6.81,6.32,6.69,99.3728,74.8543,6.9,7,7.4,6.8,-31.3,-37.9,-24.3,-31,-17.1,-39.3,NA,74.7
"3/1/1993",132.8,74.3,175.7,59.2,16465458,63.7,NA,76.3,79.3,79.8,85.5,87.1,83.2,138.31,143204,37922,91.73,5015745,167.11,6.55,6.32,6.75,98.2208,74.6934,6.5,6.6,7.04,6.4,-28.5,-37.9,-18.4,-33.2,-23,-39.7,NA,73.9
"4/1/1993",132.4,73.7,172.8,59.4,16904616,63.7,NA,76.7,79.7,79.6,85.6,87.1,82.6,137.29,142598,37867,92.26,5043297,163.54,6.75,6.45,6.82,99.0217,76.2711,6.6,6.7,7,6.5,-28.7,-36.3,-20.7,-25.1,-11.4,-30.1,NA,74.9
"5/1/1993",133.1,73.7,168.7,60.7,16864554,62.7,NA,76.7,79.8,79.6,85.4,87.1,82.4,135.99,143081,37794,91.28,5060248,164.56,6.66,6.5,6.89,98.7281,76.7335,6.7,6.8,7.06,6.6,-30.2,-39.2,-20.8,-26.6,-8.4,-32.3,NA,75.1
"6/1/1993",131.4,73.2,169,59.8,17017491,62.5,NA,77.1,80.1,79.6,85.4,87.2,82.7,134.23,141281,37763,91.45,5095452,168.64,6.59,6.33,6.73,97.0918,76.1411,6.7,6.8,7.15,6.6,-28.6,-39.5,-16.9,-26.8,-17.7,-38.4,NA,75.8
"7/1/1993",129.3,71.5,178.6,60.5,17059080,62,NA,77.2,80.3,79.7,85.6,87.4,83.4,133.57,139451,37727,92.68,5109879,178.74,6.29,6.17,6.59,94.3713,74.2389,6.5,6.6,7.06,6.4,-27.4,-39.6,-14.3,-24.9,-20.6,-38.1,NA,74.3
"8/1/1993",134.8,74.7,174.7,60.2,17059425,64,NA,77.4,80.6,79.7,85.6,87.3,83.1,135.04,144429,37701,91.33,5105080,191.32,5.96,5.89,6.25,93.9615,74.1853,6.3,6.4,6.73,6.2,-23.7,-35.7,-10.8,-21.9,-19.4,-29,NA,77.6
"9/1/1993",133,74.3,170.1,62.6,17134346,63.7,NA,77.4,80.7,79.4,85.4,87.1,82.1,132.97,142757,37692,91.39,5154911,188.41,5.93,5.77,6.24,96.809,76.9013,6.1,6.1,6.64,6,-23.6,-35.9,-10.2,-17.9,-19.2,-25.4,NA,78.8
"10/1/1993",134.6,74.3,186.6,61.9,17371045,63.3,NA,77.7,80.9,79.4,85.3,87.2,82.2,132.82,144380,37658,91.41,5188897,203.69,5.66,5.47,6.02,96.4323,77.2096,5.9,6,6.41,5.8,-22.8,-36.5,-8,-23.7,-23.2,-28.8,NA,77.8
"11/1/1993",125.5,73.6,186.5,61.9,17084015,63,NA,77.8,81,79.5,85.4,87.3,82.6,131.3,134542,37642,90.59,5334343,202.97,5.38,5.35,6,94.6694,76.1756,5.7,5.8,6.32,5.6,-21.3,-33.3,-8.5,-26.5,-25.6,-27.1,NA,80.1
"12/1/1993",128.9,74.5,180.5,64.2,17275617,64.6,NA,77.8,81,79.6,85.5,87.6,82.7,132.03,138341,37671,91.45,5000359,218.66,5.29,5.16,5.84,94.4796,76.6562,5.6,5.6,6.21,5.5,-19.6,-33.1,-5,-23.7,-26.7,-29.7,NA,80.9
"1/1/1994",143.1,74.3,200.8,61.2,18320842,63.1,104.9,78.3,81.3,79.7,85.4,87.7,82.9,130.84,153155,37748,90.87,5417174,213.17,5.23,5.25,5.91,95.0498,77.4398,5.5,5.6,6.31,5.5,-19.8,-34.4,-3.9,-23.7,-26,-28.2,NA,81.8
"2/1/1994",132,75.3,185.3,63.2,18597484,63.8,103.6,78.4,81.5,79.8,85.5,87.7,83,130.17,140046,37777,89.22,5193359,206.6,5.58,5.86,6.49,95.2292,78.5106,5.8,5.8,6.41,5.8,-14.7,-27.9,-0.4,-20.3,-25.2,-30.9,NA,83.7
"3/1/1994",149.3,75,188.9,65.3,18592895,64.2,103.6,78.6,81.7,79.9,85.6,87.7,82.9,129.61,158071,37757,90.36,5665628,209.74,5.47,5.99,6.67,96.7574,80.5702,6.2,6.2,6.5,6.2,-12.3,-26.9,3.5,-13.1,-23.3,-32,NA,86.2
"4/1/1994",142.3,75.8,190.5,65,18600163,64.8,103,78.8,81.9,79.8,85.6,87.7,83,130.56,150495,37716,88.51,5348102,219.94,5.37,6.29,6.98,96.928,81.9742,6.3,6.4,6.7,6.3,-8,-22.2,7.3,-3,-16.1,-21.9,NA,89.5
"5/1/1994",141.3,75.6,188.9,64.1,18499738,64.8,101.9,78.9,82,79.9,85.7,87.7,83.3,128.83,148672,37745,88.43,5415757,209.78,5.27,6.53,7.29,98.2902,83.8148,6.5,6.5,6.86,6.4,-7.6,-21.3,7.2,16,-5.2,-21.3,NA,92
"6/1/1994",143,76,183.2,65.9,18700993,65.1,102.1,79.1,82.3,79.9,85.7,87.7,83.8,128.67,149810,37756,88.77,5437502,201,5.25,6.67,7.29,99.0056,84.7889,6.9,6.9,7.03,6.9,-5.7,-19.5,9.2,37,10.5,-16.6,NA,94.6
"7/1/1994",140.8,75.7,180.8,65.5,18651756,65.4,102.6,79.3,82.5,79.9,85.8,87.8,83.6,128.02,147229,37752,88.59,5408518,210.51,5.2,6.61,7.27,100.8866,87.1558,6.8,6.8,7.13,6.7,-6.4,-19.5,7.7,33.9,7.9,-19,NA,95.2
"8/1/1994",144.2,75.8,183.6,64.9,18522129,64.9,102.7,79.6,82.7,80,85.9,87.8,83.3,127.77,150174,37798,88.92,5451445,215.99,5.38,6.94,7.54,101.1887,87.4712,7,7,7.17,6.9,-4,-14.5,7.2,30.5,12.9,-12.6,NA,96.8
"9/1/1994",143.5,76.9,181.3,67.8,18918203,67.1,104.2,79.6,82.8,79.9,86,88,83.4,127.92,149051,37841,89.45,5471647,200,5.76,7.28,7.81,101.3756,87.993,7.4,7.4,7.45,7.3,0.6,-9.9,11.7,37.3,6.4,-22.9,NA,98.5
"10/1/1994",148.8,78.3,187.1,68.4,19353435,68.2,103.3,79.6,82.8,80.1,86.1,88.3,83.7,128.27,153736,37858,89.7,5532458,203.57,5.63,7.28,7.79,102.1667,89.5318,7.5,7.5,7.58,7.4,4.1,-6.3,15,47.8,19.7,-10.5,NA,101.4
"11/1/1994",153.4,78.7,201,68.7,19784375,69,102.9,79.7,82.9,80.5,86.5,88.7,84,127.39,158035,37880,88.3,5954085,201.1,5.68,7.18,7.62,101.3578,89.187,7.4,7.5,7.49,7.3,5.3,-4.3,15.4,42.6,11.6,-22.4,NA,100.7
"12/1/1994",148.7,78.7,194.4,71.4,20659728,69.7,104.9,79.7,83,80.7,86.7,88.9,84.7,127.93,152685,37904,92.42,5767417,205.92,5.94,7.48,7.81,100.3103,88.4774,7.4,7.5,7.67,7.4,3.7,-6.1,14,33,-5.5,-23.6,NA,100.5
"1/1/1995",131.5,77.2,198,66.3,19115994,68,103,79.8,83.1,81,87.4,89.2,84.7,127.17,134986,37913,89.04,5358185,197.38,5.69,7.24,7.62,101.6519,90.3831,7.5,7.6,7.93,7.5,2.1,-6.5,11.1,32,-8,-18.7,NA,100.1
"2/1/1995",154.1,78.3,187.8,67.5,20746795,69.4,105.4,80.1,83.3,81.3,87.6,89.2,84.5,126.47,157994,37910,88.03,5947247,204.09,5.67,7.08,7.51,102.723,91.6862,7.3,7.4,7.69,7.3,3.2,-1.9,8.6,26,-6.9,-21.5,NA,99.3
"3/1/1995",146.5,77.5,181.7,67.6,20134449,69,105.7,80.2,83.5,81.5,87.8,89,83.7,125.08,150274,37940,90.7,5654870,188.5,5.07,6.65,7.48,104.4191,93.991,7.1,7.2,7.39,7.1,-2.8,-8.9,3.5,31.3,5.4,-19.5,NA,99.8
"4/1/1995",146.8,77.8,182.5,66.6,19167203,68.7,104.2,80.2,83.4,81.4,87.8,88.9,83.5,125.46,150109,37981,90.89,5505754,197.01,4.89,6.49,7.32,104.7941,94.5971,6.8,6.8,7.21,6.8,-5,-7.1,-2.8,36.3,6.6,-23.9,NA,104
"5/1/1995",145.3,78.3,175.6,68,19011653,69.4,105.2,80.4,83.7,81.4,87.8,89,83.5,125.77,148168,37929,89.37,5609251,204.66,4.56,5.99,6.93,104.4214,94.1927,6.6,6.6,7.05,6.5,-5.6,-9.4,-1.8,28.3,11.7,-25.6,NA,104.2
"6/1/1995",143.2,77.4,176.7,65.6,18995383,69.4,106.1,80.5,83.8,81.5,87.9,89.1,83.4,124.96,145925,37934,89.63,5496137,205.9,4.81,6.48,7.35,104.8996,94.6272,6.4,6.4,6.84,6.4,-8.6,-11.4,-5.7,24.8,18.9,-19.9,NA,104
"7/1/1995",143.8,77.2,180.6,67.7,18671506,68,105.1,80.5,83.9,81.3,87.9,89.2,83.1,124.62,145835,37946,89.97,5565744,216.92,4.61,6.26,7.17,106.2784,95.866,6.5,6.5,6.85,6.5,-10.9,-13.5,-8.2,22.2,16.4,-8.6,NA,104.1
"8/1/1995",142.8,76.3,177.2,64.6,18777529,68,104.4,80.7,84.1,81.4,88.1,89.5,83.6,123.54,145481,37931,90.16,5538516,217.38,4.36,6.09,7.07,105.2827,94.9217,6.4,6.4,6.72,6.4,-12.2,-15.5,-8.8,3.5,13.8,-11.1,NA,103.2
"9/1/1995",139.9,77.8,183.2,66.9,18877300,69.1,104.3,80.8,84.2,81.5,88.2,89.6,83.8,123.68,142295,37951,90.26,5424094,212.88,4.08,5.97,7.08,104.8866,94.6106,6.1,6.1,6.49,6.1,-12.1,-14.8,-9.4,3.6,10.1,-16.9,NA,102.1
"10/1/1995",141.8,75.8,175.4,64,18450456,67.6,102.9,80.8,84.4,81.5,88.2,89.3,83.3,121.54,143451,37994,90.48,5502817,208.71,4.04,5.73,6.86,106.2836,96.15,6.1,6.1,6.36,6.1,-14.2,-17.4,-10.9,-0.7,6.5,-23.6,NA,102.1
"11/1/1995",147,76.3,187.3,65.4,18735670,67.8,104.8,80.9,84.5,81.4,88.1,89.3,83.3,121.76,148754,37997,90.77,5816986,212.72,3.8,5.37,6.61,106.8019,96.8229,5.8,5.8,6.03,5.8,-14,-18.4,-9.6,-11.5,0.1,-24.5,NA,101.7
"12/1/1995",128.1,76.3,166.3,66.4,18905457,68.9,104.5,80.9,84.4,81.6,88.1,89.3,83.6,120.33,129558,38026,91.35,5350059,215.7,3.61,5.19,6.4,106.2184,96.3703,5.5,5.5,5.68,5.6,-16.5,-19.9,-12.9,-20.3,-1.5,-20.5,NA,100.1
"1/1/1996",118.8,76.6,174.3,64.7,16269716,68,104.1,80.9,84.5,80.4,88,89.3,83.8,120.42,118786,37997,91.26,5314891,231.65,3.26,5.05,6.24,106.1775,96.3774,5.3,5.3,5.6,5.3,-21,-25.9,-15.9,-26.4,-18.3,-21.7,NA,98
"2/1/1996",108.3,75.9,167,63.9,15039069,66.4,104,81.1,84.6,80.4,87.8,89.3,83.6,119.62,108420,37977,90.9,4969352,230.67,3.42,5.57,6.79,106.0635,96.4038,5.7,5.6,5.78,5.7,-20.9,-27,-14.5,-29.1,-13.7,-19.8,NA,96.3
"3/1/1996",118.2,76.1,161.8,66.4,15931078,67.4,103.3,81.3,84.7,80.3,87.8,89.4,84,119.48,117588,37915,89.45,4848900,230.6,3.4,5.6,6.81,105.7587,96.3245,5.8,5.8,6.29,5.9,-23.4,-31.8,-14.6,-26.1,-7.7,-26.8,NA,96.2
"4/1/1996",137.1,76.1,160.9,66,17619601,68.3,104.5,81.5,84.8,80.2,87.7,89.4,84.2,118.33,136101,37987,89.37,5150091,230.65,3.26,5.42,6.67,105.0272,95.7797,5.7,5.7,6.2,5.8,-20.2,-26.3,-13.8,-21.4,-14.2,-25.4,NA,95.3
"5/1/1996",139.3,76.8,167.8,66.1,18403577,68.2,104,81.6,85,80.3,87.8,89.4,84.1,118.09,137892,38072,88.91,5242605,235.52,3.42,5.52,6.81,104.2178,95.211,5.7,5.7,6.17,5.8,-20.7,-28.3,-12.8,-26.8,-14.8,-24.5,NA,95.3
"6/1/1996",143.4,77.1,171.7,67.3,18918609,68.7,103.4,81.7,85.2,80.2,87.8,89.3,83.8,117.59,141286,38010,89.22,5264111,241.12,3.65,5.78,6.9,104.6222,95.7571,5.9,5.8,6.23,6,-21.7,-30.4,-12.6,-25.7,-17,-19.9,NA,95.1
"7/1/1996",138.8,76.3,169.2,67,18627360,67.9,103.7,81.7,85.3,80.1,87.6,89,83.5,116.78,135682,37999,88.74,5276532,233.2,3.53,5.61,6.71,105.7662,96.9613,5.9,5.8,6.12,6,-18.7,-27.7,-9.2,-24.1,-21.1,-22.3,NA,96.7
"8/1/1996",140,77.3,173,67.2,19013518,68.3,104,81.8,85.2,80.1,87.6,88.8,83.3,117.2,137238,37968,89.06,5222381,239.02,3.34,5.49,6.75,106.6124,97.9232,5.7,5.6,5.98,5.7,-16.9,-26.4,-6.7,-26.4,-5.4,-5.7,NA,97.6
"9/1/1996",141.5,77.9,167.9,67.1,18690796,70.1,104.8,81.9,85.2,80.4,87.7,89,83.8,116.81,137203,37924,89.33,5178965,247.11,3.23,5.24,6.45,105.8579,97.3383,5.5,5.5,5.72,5.6,-13.4,-22.8,-3.4,-23.5,-8.4,-8.8,NA,98.6
"10/1/1996",136.5,76.9,166.1,68,18406210,69.1,102.1,82.1,85.4,80.7,87.8,89.3,84.6,115.43,131660,37910,88.48,5115647,247.19,3.3,5.17,6.39,104.9701,96.7182,5.3,5.2,5.43,5.4,-10.9,-20.5,-0.9,-22.3,-10.3,-20,NA,99.7
"11/1/1996",136,78,163.9,67.5,18790925,70.2,103.6,82.1,85.4,80.8,87.8,89.2,84.6,116.44,130953,37924,88.58,5213801,259.3,3.28,4.88,6.1,105.0634,97.1362,5.2,5.2,5.38,5.3,-12.7,-22.3,-2.6,-23.9,-10,-19.7,NA,99.1
"12/1/1996",138.4,77.9,166.2,67.3,18791034,70.5,102.5,82.1,85.6,80.9,87.9,89.4,85.3,115.2,132776,37914,88.4,5177967,263.46,3.19,4.93,6.18,103.954,96.1092,5.1,5.1,5.25,5.2,-12.6,-21.8,-2.8,-23.4,-20.5,-16.4,NA,98.8
"1/1/1997",109.5,77,153.1,68.3,16095862,69,103.8,82.6,85.9,80.9,87.8,89.7,86,114.31,106703,37830,88.17,4748045,277.59,3.15,4.8,6.15,102.4568,94.6458,5.1,5,5.18,5.1,-12.5,-23.5,-0.8,-26.5,-14.4,-7.9,NA,101
"2/1/1997",126.4,78.1,169.8,68.4,17934961,69.5,102,82.7,86.1,81,87.8,89.8,86.4,114.5,122975,37873,88.81,4942857,295.55,3.31,4.66,5.79,100.6083,92.6395,4.9,4.8,4.99,4.9,-11,-19.9,-1.7,-29,-21.8,-11.6,NA,100.3
"3/1/1997",127.5,78.9,156,70.7,18500676,71,101.6,82.6,86,80.9,87.8,90,86.5,115.11,123892,37884,87.88,4993998,310.29,3.37,5.01,6.18,99.9368,92.0094,5.1,5,5.12,5.1,-10.8,-19.6,-1.6,-28.9,-13.6,-19.5,NA,100.9
"4/1/1997",129.1,78.6,150.7,71.4,18031392,70.4,103.3,82.6,86.1,81,87.9,90.1,86.3,113.48,125477,37920,87.82,4887910,311.46,3.31,4.91,6.12,99.4326,91.6803,5.1,5.1,5.19,5.2,-9.9,-17.5,-2,-22.5,-6.7,-6.1,NA,101.9
"5/1/1997",128.6,77.7,158.7,70.3,17949581,70.7,102.4,82.9,86.2,81.2,88.2,90.3,86.6,110.75,125276,37934,87.32,4895904,323.38,3.31,5.01,6.24,99.0511,91.5462,5,5,5.07,5.1,-8.8,-15.4,-1.9,-21.4,-6.7,-8.5,NA,102
"6/1/1997",130.2,80.7,157.5,71.6,17816748,72.5,103.7,83,86.3,81.2,88.2,90.5,86.7,114.14,126054,37938,87.9,4896375,342.39,3.21,4.75,5.96,97.722,90.4145,5,4.9,5.02,5,-8.5,-15.2,-1.4,-24.3,-15.4,-6.4,NA,102.4
"7/1/1997",131.1,81.6,154.2,71.5,17630252,73.9,101.9,83.3,87,81.4,88.4,90.7,87.6,115.3,126735,37969,87.49,4870111,390.13,3.39,4.78,5.76,95.0459,88.3309,4.9,4.8,4.92,4.9,-6,-12.7,0.8,-24,-13.7,-10.5,NA,103.1
"8/1/1997",127.6,78.9,157.8,72.1,17483829,72.3,99.6,83.6,87.1,81.7,88.5,91,88.3,111.89,123552,38007,87.42,4839653,350.31,3.53,5,5.93,94.2522,87.6892,5.1,5,5.13,5.1,-4.6,-11.4,2.3,-18.5,-2.4,5,NA,103.7
"9/1/1997",129.4,79.6,154.4,73.6,17393852,73.2,100.9,83.6,87.1,81.7,88.7,91,87.6,112.96,124716,37996,87.21,4819602,369.15,3.67,4.96,5.72,96.6411,90.3502,5.1,5.1,5.14,5.1,-1.8,-7.9,4.5,-16.1,-0.1,-6.7,NA,105
"10/1/1997",128.4,80.8,155.1,73.1,17523152,73.2,102.6,83.7,87.2,81.7,88.7,91.1,87.6,114.18,123672,38014,87.6,4751093,335.6,3.99,5.15,5.79,97.5993,91.802,5.3,5.2,5.41,5.3,-0.7,-5.5,4.3,-13.8,13.5,6.8,NA,106.4
"11/1/1997",127.1,81.1,149.4,72.5,17274122,74.4,101.3,83.8,87.4,81.7,88.7,91.2,87.4,113.75,122068,38008,88.61,4765555,350.22,4,5.09,5.7,98.6988,93.3093,5.3,5.3,5.56,5.3,0.2,-4.9,5.5,-15.3,7.6,5.8,NA,106
"12/1/1997",126.7,82,154.1,73.9,17040329,75.3,100.6,83.9,87.5,81.8,88.8,91.1,87.3,114.21,121758,37970,87.98,4775450,371.02,3.86,4.89,5.48,98.6875,93.6105,5.1,5.1,5.37,5.1,1.2,-2.9,5.4,-16.5,7.8,-2.2,NA,106.9
"1/1/1998",125,82.8,150.4,74.8,17534734,73.9,101.5,83.5,87.3,81.6,88.8,91.1,87.1,112.81,119270,38018,88.1,4760762,387.12,3.66,4.6,5.23,97.8766,93.5735,4.9,4.9,5.11,4.8,-0.7,-5.4,4.2,-14.6,8.4,4.1,NA,107.6
"2/1/1998",122.4,82.6,156.9,74.2,17425047,74.6,102.4,83.6,87.4,81.6,88.9,91,86.5,114.01,116657,38074,88.61,4795559,410.88,3.67,4.53,5.09,97.2841,92.9056,4.7,4.8,4.96,4.7,0.1,-1.9,2.1,-19.6,6.6,18.4,NA,106.7
"3/1/1998",126.1,83.7,158.2,75.7,20189261,75.9,104.6,83.6,87.4,81.6,88.9,91,86.1,113.91,119332,38156,88.12,4702328,442.15,3.79,4.62,5.06,96.4,92.1741,4.7,4.7,4.92,4.7,1.2,0.1,2.4,-3.7,14.1,22.1,NA,108.4
"4/1/1998",122.4,82.9,158,75.5,16417575,74.8,101.3,83.7,87.5,81.3,88.7,90.9,85.7,114.02,115619,38235,88.85,4707193,444.55,3.91,4.8,5.25,96.8955,92.7051,4.8,4.8,4.99,4.7,1.3,-0.3,2.8,-2.5,13.5,14.4,NA,108.7
"5/1/1998",124.6,83.3,155,74.4,16215608,75.6,102.2,84.1,87.7,81.3,88.7,90.7,85.1,113.72,117460,38302,89.12,4576113,477.84,3.75,4.6,5.07,99.3484,95.2417,4.8,4.8,5.45,4.8,-0.1,-2.2,1.9,4,15.7,3.6,NA,108.2
"6/1/1998",125.6,82.8,156.7,74.5,16396570,76.4,100.7,84.1,87.8,81.2,88.7,90.6,84.7,113.47,118386,38359,89.57,4555741,497.5,3.81,4.47,5,99.1376,95.5009,4.7,4.7,5.35,4.6,-1.4,-3.4,0.6,10.5,17.1,16.1,NA,108.7
"7/1/1998",125.6,84.5,164,74.6,16748898,76.2,103.4,84.2,87.9,81.1,88.7,90.5,84.4,114.51,118086,38445,89.19,4520238,497.86,3.73,4.42,4.83,98.8528,95.483,4.6,4.6,5.29,4.5,-0.9,-2.7,0.9,38.7,35.7,28,NA,110
"8/1/1998",123.8,82.6,154.8,72.3,16528773,75.2,101.8,84.2,87.9,81,88.6,90.3,83.7,112.95,116396,38538,89.77,4558694,416.74,3.45,3.91,4.43,100.097,96.8744,4.4,4.4,4.96,4.3,-2.6,-3.6,-1.7,31.7,31.8,18.2,NA,109
"9/1/1998",123.5,82,164.1,74.5,16397750,74.5,101.5,84.2,87.9,80.9,88.5,90.2,82.8,112.87,115535,38631,89.67,4507378,387.6,3.45,3.73,4.18,102.775,101.0824,4.1,4.1,4.81,4,-6.2,-4.9,-7.5,24.6,40.4,25.8,NA,108.5
"10/1/1998",121.8,82.6,154.9,71.8,16382934,74.8,101.8,84.3,88,80.5,88.3,89.9,82.2,113.43,113740,38688,90.11,4485214,402.2,3.36,3.77,4.37,104.379,103.2187,4,4.1,4.67,4,-9.6,-9.6,-9.5,49.3,46.9,23.1,NA,107.6
"11/1/1998",120.2,81.5,159.7,71.1,16169311,73.4,105.1,84.3,88.1,80.1,88.1,89.9,82.1,112.47,111975,38698,89.95,4349061,428.87,3.29,3.64,4.2,102.554,101.2472,4.1,4.1,4.73,4,-8.3,-7,-9.5,45.7,36.4,29.2,NA,107.6
"12/1/1998",117.2,81.9,150.9,73.2,15884663,75.2,102.8,84.3,88.2,80.1,88.1,89.8,81.6,113.18,108711,38719,92.5,4431776,428.66,3.06,3.5,4.1,102.7588,101.9466,3.8,3.8,4.73,3.7,-8.6,-8,-9.3,34.4,33.3,28.2,NA,106.9
"1/1/1999",128.4,83.2,163.8,72.2,8745906,74.6,102.5,83.7,87.6,79.7,87.8,89.4,81.4,113.58,118873,38763,89.08,2343147,442.21,2.86,3.26,3.85,101.8167,101.6292,3.6,3.6,4.39,3.6,-11.6,-12.3,-10.8,27.7,42.3,24.8,NA,107.2
"2/1/1999",113.9,81.6,163.9,72.3,8349002,73.3,103.4,83.7,87.7,79.6,87.7,89.4,81.3,111.26,104730,38777,89.98,2290763,426.38,2.99,3.6,4.22,99.9685,100.0412,3.7,3.7,4.42,3.7,-15,-15.9,-14.1,33,37.8,38,NA,106.3
"3/1/1999",127.7,82.1,154.8,72.7,8365857,75.7,103.9,84,87.9,79.6,87.6,89.5,81.8,111.49,116837,38798,91.26,2312569,421.39,2.84,3.48,4.25,98.4477,98.5475,3.8,3.8,4.51,3.8,-13.4,-14.9,-11.8,18.5,37.7,34.1,NA,105.9
"4/1/1999",124.7,82.7,159.6,73.2,8829675,74.1,100.7,84.5,87.9,79.9,87.6,89.5,82.4,112.23,113911,38659,90.91,2366394,455.5,2.6,3.26,4.05,97.2886,97.3117,3.6,3.6,4.38,3.6,-13.4,-15.3,-11.4,0.4,27,38.3,NA,103.6
"5/1/1999",124.8,83.2,161.8,73.6,8682984,75,101.7,84.4,87.9,79.8,87.5,89.6,82.5,110.85,113841,38782,91.01,2311793,434.72,2.65,3.48,4.33,96.731,96.7085,3.7,3.7,4.4,3.7,-12.8,-16.2,-9.3,2,28.1,22.4,NA,103.5
"6/1/1999",124.3,83.3,156.2,75.9,8666198,76.2,101.4,84.4,87.8,80,87.6,89.7,83.2,110.62,113261,38966,89.9,2293022,457.72,2.9,4.04,4.76,94.9414,94.9367,4.1,4.1,4.74,4.1,-9,-13.5,-4.4,-2,26.7,21.6,NA,104.5
"7/1/1999",125.6,83.9,160,76.4,8738612,76.7,101.5,84.6,88.1,80.3,87.8,89.9,83.9,111.92,114224,39049,90.29,2280571,441.12,3.01,4.3,4.96,94.9507,94.9685,4.4,4.5,4.99,4.4,-8.9,-13.6,-4.1,8.4,27.4,28,NA,100.4
"8/1/1999",123.9,84.7,155.6,79.7,8561830,77.2,102.5,84.6,88,80.4,87.8,90,84.3,111.58,112579,39163,89.95,2274179,451.08,3.16,4.47,5.14,95.9191,96.4194,4.7,4.8,5.33,4.7,-7.2,-11.7,-2.6,5.9,30.6,27.7,NA,101.2
"9/1/1999",124,84.4,151.1,78.5,8729412,78.6,99.1,84.5,87.8,80.5,87.9,90.3,85,111.03,112089,39221,90.57,2275068,439.07,3.18,4.68,5.34,94.5413,95.3573,4.9,4.9,5.41,4.8,-3.8,-8.9,1.4,2.2,34.4,18.2,NA,101.6
"10/1/1999",125.3,85.2,153.7,79.1,8686370,78.3,102.1,84.7,88,80.7,88.1,90.6,85.6,112.27,113227,39274,91.09,2276483,464.84,3.56,4.87,5.37,95.5157,96.5773,5.2,5.2,5.77,5.1,-1,-6.5,4.8,9.5,35.4,20.7,NA,108.6
"11/1/1999",123.2,85.2,143,80.1,8540923,78.3,102.3,84.9,88.2,80.8,88.3,90.8,86.9,110.96,110858,39364,90.74,2154738,494.7,3.67,4.86,5.33,93.3245,94.2512,5,5,5.8,4.9,1.1,-4.4,6.8,20,32.4,22.9,NA,109.3
"12/1/1999",123.2,85.3,143,80.5,8574598,80.2,103,85,88.2,80.9,88.2,91.3,88.4,113.1,110453,39536,91.3,2258595,564.44,3.78,4.99,5.46,91.4971,92.4919,5.1,5.1,5.76,5,3.4,-2.1,9.1,21.8,33.6,29.1,NA,110.6
"1/1/2000",123.4,84.6,149.8,77.4,8709692,78.2,102.5,85.1,88.1,81.3,88.5,91.5,88.9,111.43,109833,39719,91.32,2297976,563.51,3.97,5.29,5.72,91.5213,92.6096,5.4,5.4,6.03,5.4,2.2,-4.4,9.1,31.4,32,27.6,NA,110.4
"2/1/2000",130.8,86.7,145,82.1,9070460,80.1,103.9,85.2,88.1,81.1,88.6,91.6,89.9,111.39,116514,39795,92.64,2354211,640.82,4.07,5.21,5.61,90.2609,91.199,5.4,5.5,6.16,5.4,5.6,1.5,9.7,31.2,38.4,25.7,NA,111.6
"3/1/2000",123.2,86.8,151.3,84,8832849,81,102.8,85.4,88.1,81.2,88.7,91.8,90.3,111.69,109922,39864,91.6,2258064,633.16,4.16,5,5.32,88.8719,89.7494,5.3,5.4,6.17,5.2,3.7,-1.5,9,35.1,48.3,24.3,NA,111.8
"4/1/2000",122.2,87.9,148.1,84.8,8492569,81.5,103.8,85.3,88.1,81.5,89,92.1,90.1,111.81,108957,39890,92.19,2234699,617.99,4.43,5.13,5.48,87.485,88.4443,5.3,5.3,6.12,5.2,6.1,3.9,8.3,35.1,36.3,11.9,NA,109.3
"5/1/2000",122.4,90,145.6,85,8504753,83.6,103.9,85.3,88,81.8,89.2,92.6,91.6,112.75,109018,39920,94.28,2220785,588.83,4.84,5.2,5.37,85.9011,86.743,5.5,5.7,6.36,5.4,6.5,4.5,8.5,59.8,49.1,29.1,NA,111
"6/1/2000",117.2,88,138.7,86.8,8138029,84.2,103.4,85.6,88.1,82.1,89.3,92.6,92,109.5,104322,39948,92.56,2184202,574.76,4.87,5.12,5.34,88.8126,89.919,5.4,5.6,6.22,5.2,3.6,1.6,5.6,32,35.6,12.5,NA,109
"7/1/2000",118.4,89.5,140.1,86.8,7993148,84.3,103.1,85.6,88.3,82.7,89.5,92.8,92.4,111.99,105316,39986,92.82,2158235,590.13,5.05,5.22,5.33,88.213,89.3177,5.5,5.7,6.28,5.3,2.7,1.5,4,38.6,38.4,18.9,NA,111.2
"8/1/2000",118.5,90.3,132.9,87.2,8073427,85.7,102.6,85.6,88.2,83,89.7,93.2,93.2,112.97,105302,39983,93.22,2158927,593.24,5.17,5.34,5.36,85.8974,86.8581,5.5,5.7,6.37,5.3,2.9,2.5,3.4,59.8,52.5,17,NA,111.6
"9/1/2000",115.9,90.4,137.4,86.8,7996209,85.5,102.1,86,88.2,83.7,89.9,93.6,94.9,111.57,103013,39973,93.47,2130449,560.39,5.06,5.19,5.31,84.2247,85.0952,5.6,5.7,6.4,5.4,2.3,3.2,1.4,29.4,31.6,-3.6,NA,109.9
"10/1/2000",112.8,90.2,136.8,87,7757345,85.8,102.8,86.2,88.5,84,89.9,94,95.6,111.16,100302,39966,93.48,2134057,568.8,5.13,5.17,5.31,83.0317,84.0548,5.5,5.7,6.28,5.3,2.3,3.6,1,20.1,30.2,-2.1,NA,112.6
"11/1/2000",117.6,90.8,137.2,87.3,7924432,86.2,103,86.3,88.5,84.6,90.2,94,96,110.67,104222,39975,94.24,2080446,508,4.97,4.92,5.14,83.5967,84.6984,5.4,5.6,6.22,5.2,1.8,2.6,1,36.2,39.3,9.2,NA,112.5
"12/1/2000",117,91.5,141.8,88.7,8002734,86.5,103.5,86.5,89,84.5,90.3,93.8,94.4,111.7,103621,39985,94.22,2131224,508.49,4.61,4.66,4.96,86.3492,87.7013,5.1,5.3,6.01,5,1.4,3.1,-0.4,28.8,37.3,5.5,NA,111.5
"1/1/2001",113.4,91.2,135.2,85.7,8030149,86.3,105,86.3,88.8,84.8,90.5,93.6,93.6,112.64,99917,39882,96.33,2101506,531.61,4.43,4.59,4.89,89.6809,91.2025,4.9,5.1,5.84,4.8,-0.9,0.1,-1.9,38.7,49.4,21,16.2,108.1
"2/1/2001",116.4,92.2,136.5,86.1,8222454,87.5,103.2,86.8,89.1,84.8,90.5,93.7,93.9,112.18,102215,39867,94.56,2149669,493.02,4.46,4.51,4.83,88.7837,90.4178,4.9,5,5.83,4.8,-3.2,-0.9,-5.4,19.7,39.4,8,16.5,104.4
"3/1/2001",106.7,90.7,135.1,85.3,7754174,86.9,104.3,86.8,89.1,85,90.7,93.8,93.4,112.36,93189,39850,95.56,2009151,462.78,4.26,4.41,4.82,88.5391,90.6004,4.8,4.9,5.81,4.7,-7,-4.9,-9.2,27,45.7,4.9,16.8,100
"4/1/2001",105.7,89.1,139.4,82.4,7437375,85.7,103.7,87.1,89.3,85.4,90.8,93.9,93.8,109.88,91806,39864,95.39,2017645,492.45,4.67,4.77,5.16,87.5723,90.0886,4.9,5,5.83,4.8,-8.7,-6.2,-11.1,19.4,41.9,21.5,16.6,99.1
"5/1/2001",111.2,90.1,142.3,85.1,7650285,86.2,103.9,87.6,89.6,85.6,90.8,94.1,94.5,110.9,95948,39871,96.39,2034612,484.95,4.38,4.8,5.35,86.0219,88.4112,5.1,5.1,5.9,5,-13.6,-12.4,-14.7,10.4,35.9,13.3,16.4,97.8
"6/1/2001",110.6,90.5,143.3,85.3,7711666,86,103.5,87.7,89.8,85.6,90.8,94.1,95,109.91,94648,39803,94.95,1996974,480.19,4.29,4.64,5.22,84.6259,87.098,5,5.1,5.8,4.9,-15.5,-13.4,-17.6,-9.6,27.5,2.4,15.8,94.6
"7/1/2001",109.3,87.8,129.5,82.7,7648352,84.3,103.4,87.6,90,85.2,90.7,94,93.7,109.91,92843,39774,95.03,2000956,464.5,4.19,4.48,5.08,85.3561,88.1093,5,5.1,5.8,4.9,-16.3,-16.6,-16,-15.8,22.9,12.6,15.3,93.1
"8/1/2001",112.1,90.2,136.5,83.6,7631122,86.7,102.7,87.7,90.1,85.3,90.9,93.7,92.6,113.01,94080,39759,95.17,1981022,419.73,3.96,4.33,4.96,87.8973,90.9702,4.8,4.9,5.62,4.7,-17.1,-18.5,-15.6,-19.6,12.6,8.1,13.9,91.5
"9/1/2001",111.4,89,128.9,80.8,7460701,85.8,103,87.8,90,85.4,90.8,93.5,92.2,110.72,92959,39731,94.88,1949332,356.25,3.42,4.18,4.99,88.3358,91.8064,4.7,4.7,5.58,4.7,-22.7,-22.8,-22.7,-12.9,12.1,9.1,12,88.4
"10/1/2001",111.8,87.5,129.5,79.8,7330786,84,100.5,87.8,90.3,84.6,90.7,93.4,91,110.07,92773,39746,95.05,1975267,377.64,3.15,3.88,4.62,88.1317,91.8533,4.5,4.5,6.06,4.4,-23.7,-25.5,-21.8,-18.7,26.1,2.6,11,84.9
"11/1/2001",109.8,86.4,134,79.8,7447465,83,104.6,87.7,90.3,84.6,90.7,93.5,90.9,106.86,90426,39768,94.85,1935146,407.37,3.21,4.16,4.77,86.8538,90.3055,4.3,4.4,6.07,4.3,-22,-25.4,-18.6,-26.9,7.2,-3.9,9.6,81.8
"12/1/2001",111.3,86.9,125.7,83.4,7401667,83.4,102.3,87.9,90.6,84.5,90.6,93.6,90.9,108.57,90852,39788,95.06,1951894,417.4,3.32,4.51,5.12,87.3146,90.7408,4.6,4.7,6.47,4.6,-18.8,-22.7,-14.9,-20.4,7.3,2.4,7.1,84.4
"1/1/2002",108.5,87.4,128.4,81.7,7575807,84.1,100,88.1,90.6,84.6,90.8,93.6,91.1,108.74,88435,39807,94.18,1926575,419.94,3.6,4.67,5.08,86.9663,90.4022,4.8,4.8,6.36,4.7,-21.7,-24.5,-18.8,-15.1,7.1,-26.1,3.9,85.2
"2/1/2002",114.4,87.6,134.4,81.2,7768867,84,99.7,88.3,90.9,84.5,90.6,93.4,91.4,107.76,92916,39798,93.91,1993142,415.43,3.55,4.59,5.07,86.1763,89.5825,4.8,4.9,6.4,4.8,-18.8,-28.6,-8.6,-11,2.5,-37.7,1.2,86.9
"3/1/2002",110,87.8,145.3,82.9,7559398,83.7,100.4,88.5,90.9,84.8,90.8,93.6,91.9,107.86,89006,39774,93.79,1942817,437.57,3.86,4.95,5.35,86.3136,89.8045,5.1,5.1,5.85,5,-15.4,-29.2,-0.4,-3.4,2.6,-42.8,-1,88.5
"4/1/2002",108.1,87.9,131.6,83.1,7525154,83.5,101.4,88.6,90.9,84.5,90.8,93.6,91.9,106.7,87155,39772,93.64,1917641,415.32,3.73,4.78,5.23,86.6049,90.1896,5.1,5.1,5.85,5,-16.4,-30.3,-1.4,-5.8,2.1,-55.4,-2.2,86.5
"5/1/2002",106.3,87,123.5,85.4,7291802,83.4,101.8,88.5,90.9,84.5,90.8,93.5,91.4,104.25,85564,39749,94.02,1876469,400.53,3.91,4.82,5.27,88.2854,92.31,5.1,5.1,5.89,5.1,-13.8,-28.4,2,2.9,2.2,-41.3,-2.7,85.5
"6/1/2002",105,89.5,126.9,84.6,7198329,83.8,99.7,88.5,90.9,84.5,90.9,93.5,90.8,105.73,84117,39652,95.41,1863179,371.2,3.68,4.6,5.07,90.4363,95.1228,4.9,5,5.94,4.9,-14.2,-28.4,1.2,8.3,3.2,-48.9,-2.7,83.9
"7/1/2002",103.6,87.8,122.2,83.4,7148913,83.5,100.8,88.7,91.2,84.4,91,93.4,90.2,105.95,82775,39634,95.5,1878812,316.24,3.45,4.38,4.98,91.8499,97.1587,4.8,4.8,5.82,4.7,-16.1,-28.4,-3,12.4,7.7,-42.5,-2.6,83.7
"8/1/2002",105.3,89.8,122.1,85.1,7016533,85.8,100.5,88.7,91.2,84.4,91,93.5,90.4,108.51,83941,39564,94.7,1855506,316.74,3.3,4.12,4.7,91.3001,96.5897,4.5,4.5,5.84,4.4,-18.1,-29.8,-5.6,7.8,6.8,-42.5,-2.4,82.5
"9/1/2002",105.8,88.7,125.5,84,6984234,85.1,102.2,88.7,91,84.5,91,93.5,90.8,105.77,84301,39527,94.39,1850017,241.21,3.03,3.8,4.48,91.2953,96.8263,4.2,4.3,5.89,4.2,-18.6,-29.7,-6.7,11.3,8,-43.2,-2.8,83.4
"10/1/2002",102.8,88,119.5,83.6,6903219,84.2,101,88.8,91.1,84.7,91.1,93.5,90.9,105.4,81761,39473,94.4,1844978,272.44,3.02,3.94,4.7,91.5589,97.2636,4.3,4.3,6.01,4.2,-18.7,-26.5,-10.6,1.5,-7.4,-45.3,-2.7,81.2
"11/1/2002",104.3,89.6,124.2,84.9,7023537,85,100.6,88.6,91.1,84.7,91,93.5,90,104.64,82716,39420,94.39,1823598,284.9,2.95,3.93,4.71,92.4077,98.1032,4.2,4.2,6.14,4.2,-22.3,-29,-15.2,-25.7,-24.5,-55.4,-2.9,79.7
"12/1/2002",99.2,88,124.4,82,6721412,85.3,100.4,88.8,91.3,85.1,91.1,93.6,90.9,104.78,78600,39385,94.73,1804475,250.69,2.63,3.57,4.4,93.4196,99.1991,4.1,4.1,5.91,4.1,-23.5,-30.3,-16.3,-26.5,-21.4,-42,-2.9,78.5
"1/1/2003",101,88.7,117.7,84.4,6524939,83.8,99.1,89.2,91.3,85.9,91.3,93.8,91.1,104.92,79891,39343,94.37,1750678,239.9,2.52,3.38,4.21,95.7773,102.0228,3.9,3.8,5.72,3.9,-22.7,-28.6,-16.7,-29.2,-19.4,-31.2,-3.1,81.1
"2/1/2003",95.4,88.7,118.1,84.2,6634584,83.9,99.3,89.3,91.4,86.1,91.3,93.8,91.2,106.19,75334,39331,94.58,1698360,223.36,2.33,3.17,4.16,97.0906,103.4335,3.6,3.6,6.07,3.7,-21,-27.1,-14.7,-25.9,-20.9,-30.6,-3.2,81.5
"3/1/2003",105,88.5,115.6,82.4,7005989,84.3,99.4,89.6,91.7,86.2,91.3,93.6,90.5,105.59,82727,39257,93.85,1814339,213.85,2.3,3.34,4.25,97.909,104.1357,3.7,3.6,6.48,3.7,-21.8,-28.7,-14.6,-28.6,-21.4,-26.6,-3.5,82.2
"4/1/2003",104,88.2,114.4,82.6,7499048,84.7,99.4,89.3,91.6,85.8,91.2,93.4,88.8,105.44,81915,39166,94.77,1795774,256.65,2.39,3.39,4.36,98.4749,104.3473,3.8,3.8,5.45,3.9,-21,-27,-14.7,-21.9,-15.5,-32.3,-2.5,84.7
"5/1/2003",101.9,87.5,110.7,80.6,7028881,82.7,99.8,89.2,91.6,85.7,91.2,93.1,87.7,106.69,79893,39128,94,1784276,261.03,2.07,2.9,3.9,102.2516,108.3902,3.5,3.4,4.91,3.5,-20.5,-27.3,-13.4,-28.2,-12.6,-39.9,-0.8,83.7
"6/1/2003",103.7,87.1,113.6,83.8,6956735,82.4,100.4,89.4,91.9,85.6,91.1,93,88,105.95,81156,39171,93.77,1778187,280.9,2,3.06,4.09,102.6973,108.7502,3.3,3.2,4.51,3.3,-18.8,-27.1,-10,-15.3,-4,-29.7,0.8,86.4
"7/1/2003",103.7,89.2,118.2,82.8,7054765,85.2,99.4,89.4,91.9,85.8,91.1,93,88,104.41,81058,39218,93.79,1759506,302.9,2.09,3.32,4.25,101.5224,107.1444,3.6,3.5,4.46,3.6,-16.6,-26.6,-6,-12.7,-2.6,-33.9,2.3,87.6
"8/1/2003",100.8,87,112.8,83.1,7019840,82.4,99.4,89.6,92,86,91,93.2,88.4,102.25,78632,39146,94.33,1744051,305.32,2.32,3.55,4.34,100.382,105.8899,3.8,3.8,4.41,3.9,-12,-23.8,0.5,-9.2,-5.9,-33.2,3.3,90.1
"9/1/2003",101.2,86.7,112.5,84.8,6798287,83.5,99.8,89.6,92,86.1,91.2,93.2,88.2,103.59,78884,39138,94.94,1744196,287.32,2.09,3.28,4.26,100.3191,105.8528,3.8,3.8,4.46,3.9,-9.8,-23.6,5.2,-10.6,-0.8,-31.6,3.8,91.5
"10/1/2003",100.2,89.4,114,85.9,6875629,84.4,100.9,89.9,92.2,86.1,91.2,93.2,88.3,103.82,77934,39169,93.91,1724413,320.93,2.34,3.7,4.52,102.0293,108.0393,3.9,3.8,4.36,3.9,-7,-20.6,7.7,-10.5,-6.9,-30.9,3.8,92.2
"11/1/2003",99.6,90.2,114.3,86.2,6959732,85.5,100,89.7,92,86.4,91.4,93.3,88.5,105.36,77388,39149,94.58,1703689,327.9,2.41,3.81,4.61,102.0221,108.0566,4,4,4.4,4.1,-3.5,-18,12.2,0.3,-0.9,-25.8,3.8,94.4
"12/1/2003",102.3,90.6,109,88.3,6813344,87.7,99.4,89.7,92.2,86.6,91.4,93.2,88.3,103.67,79242,39166,93.59,1717102,344.89,2.26,3.62,4.47,104.8744,111.31,4,3.9,4.31,4,-2.9,-16,11.2,-1.6,-8.2,-32.2,3.9,93.2
"1/1/2004",96.4,89.9,109.2,86.3,6892709,85,99.8,90.3,92.5,85.9,91.2,93.2,88.3,102.9,74709,39252,95.21,1681946,354.98,2.19,3.56,4.48,106.0745,112.5754,3.8,3.7,4.1,3.8,-2,-13.6,10.3,-5.8,-14.5,-41.7,4.1,90
"2/1/2004",100.6,90.4,120.9,87.1,7014747,86.9,101.8,90.3,92.5,86,91.4,93.2,88.2,103.37,77655,39266,94.73,1699594,353.41,2.02,3.25,4.25,105.9588,112.473,3.7,3.6,4,3.8,-5.3,-16,6,2,-0.3,-25.7,4.4,95.1
"3/1/2004",100.4,89.8,105.8,88.4,6783070,86.6,101.2,90.5,92.8,86.3,91.8,93.5,89,103.13,77276,39325,95.07,1689830,340.35,1.93,3.16,4.18,104.108,110.2252,3.5,3.4,3.79,3.6,-7.3,-17.2,3.1,-12,-7.5,-25,4.8,92.6
"4/1/2004",97,91.1,106.5,89.5,6648249,88.3,102.4,90.8,93.1,86.7,92.1,93.6,89.3,104.34,74504,39392,94.44,1668207,351.43,2.17,3.52,4.4,102.4379,108.4071,3.7,3.6,3.8,3.8,-6,-13.6,1.9,-8.2,0.3,-26.9,4.7,92.8
"5/1/2004",97.4,92.1,99.7,89.9,6543177,88.2,100.3,91,93.1,87.1,92.2,93.9,89.9,104.41,74660,39371,93.98,1665821,346.25,2.3,3.61,4.49,103.0191,109.5722,3.9,3.8,3.99,3.9,-6.2,-13.3,1.2,-18,-10,-41.1,4.4,92.6
"6/1/2004",96.2,91.5,105.3,88.9,6591730,89.3,101,91,93.2,87,92.3,93.8,89.8,104.15,73334,39377,94.14,1677231,357.49,2.36,3.7,4.49,102.8887,109.6542,4,3.9,4.02,4,-6.2,-13,0.8,-12,-6.5,-24.5,3.9,91.7
"7/1/2004",96.2,92.6,101.8,89.9,6481549,89.6,101.5,91.1,93.3,87.5,92.7,93.8,89.9,103.73,73260,39358,93.33,1642263,344.07,2.32,3.6,4.39,103.3247,110.0839,3.9,3.8,3.88,3.9,-6,-12.8,1.1,-20.5,-14,-37.4,3.4,92.5
"8/1/2004",94.7,91.7,105,88.2,6434138,88.6,100.9,91.4,93.4,87.9,92.8,94.2,90.6,101.34,71926,39350,94.35,1651546,334.07,2.22,3.41,4.21,103.1253,109.9138,3.7,3.6,3.71,3.8,-5.1,-10.7,0.6,-18.4,-19.5,-27.8,2.5,92.3
"9/1/2004",94.5,91.4,104.2,89.8,6436282,89.4,101.2,91.4,93.4,88,93,94.1,90.7,103.21,71568,39361,94.45,1630199,343.65,2.32,3.37,4.13,103.4692,110.2497,3.7,3.6,4.48,3.8,-4.4,-9.9,1.2,-11.9,-12.3,-27.4,2.2,94.1
"10/1/2004",94.1,92.5,105.6,89.2,6419529,89.3,101.1,91.6,93.4,88.9,93.2,94.4,91.7,103.03,70958,39351,95.24,1610141,348.94,2.27,3.23,4.01,104.5528,111.5009,3.6,3.4,4.29,3.6,-5.3,-10.6,0.1,-16.5,-15.5,-28.6,2.3,93.7
"11/1/2004",93.5,91,99.7,87.7,6298273,88.8,101.8,91.4,93.4,88.8,93.4,94.4,90.8,103.53,70415,39332,94.53,1554938,363.22,2.22,3.1,3.9,105.8588,113.0908,3.4,3.3,4,3.5,-7.2,-11,-3.4,-17,-15.8,-24.4,2.4,93.6
"12/1/2004",95.1,90.6,103.9,93.4,6420600,90.2,102.1,91.7,93.5,89.1,93.9,94.1,90.3,102.47,71498,39292,94.04,1605527,374.09,2.28,3.14,3.79,107.0915,114.3844,3.3,3.2,3.91,3.3,-5.4,-9.4,-1.2,-18.3,-13.5,-22.3,2.7,92
"1/1/2005",96.7,93.4,94.4,91,6334054,91.3,103.9,91.6,93.5,89.5,94.2,94.4,91.1,103.24,72288,39263,94.49,1577203,376.07,2.22,3.02,3.64,105.9743,112.8758,3.3,3.2,3.87,3.3,-4.8,-7.8,-1.6,-5.9,6.7,-14.4,3.4,95.2
"2/1/2005",85.2,91.9,93.6,89.3,5739643,89.4,102.6,91.7,93.5,89.8,94.3,94.5,91.3,102.23,63669,39262,94.52,1494832,385.75,2.27,3.18,3.78,105.1542,111.8107,3.3,3.2,3.94,3.3,-6.6,-9,-4.2,-13,0,-12.2,4.4,93.8
"3/1/2005",78.9,93,100.4,91.1,5229768,91.3,102.5,92,93.6,90.1,94.3,94.5,91.9,102.04,58941,39234,95.64,1438181,385.3,2.29,3.16,3.78,105.8649,112.7193,3.4,3.3,4.09,3.5,-12.3,-16.2,-8.2,-18.2,-5.9,-12.3,4.9,91.4
"4/1/2005",90,93.8,95.4,90.3,6060710,90.4,102.1,92,93.5,90.5,94,94.3,91.5,103.3,67041,39221,94.7,1515477,370.89,2.1,2.85,3.51,105.038,111.7264,3.2,3.1,3.93,3.3,-13,-16.4,-9.5,-15.6,0.1,-27.1,5,91.9
"5/1/2005",92.2,92.6,101.8,90.8,6279910,90,102.2,92,93.5,90.4,93.9,94.2,91.1,100.96,68561,39241,93.41,1533484,395.5,2.1,2.72,3.36,104.0907,110.4602,3.1,3,3.77,3.1,-13.8,-16.4,-11.3,-16.3,-13.3,-21.3,4.7,92.5
"6/1/2005",92.3,94.6,102.5,93.8,6284333,91.6,102.5,92.2,93.6,90.8,93.9,94.4,92.7,103.15,68581,39289,93.91,1543412,408.76,1.98,2.56,3.24,101.4018,107.4364,2.9,2.8,3.57,2.9,-12.4,-15.4,-9.4,-13.4,-9.9,-25.8,4.2,91.9
"7/1/2005",93.2,96,103.6,95.9,6364799,92.6,102.7,92.4,93.5,91.3,93.8,94.6,93.1,103.05,69149,39279,94.55,1513376,435.39,2.14,2.71,3.26,101.8577,107.6088,2.9,2.8,3.46,3,-8.3,-13.6,-2.9,-15.7,-14.8,-13.1,3.6,93.2
"8/1/2005",93,93.3,110.3,93.7,6210898,92,103.2,92.7,93.6,91.7,93.8,94.6,93.5,99.9,68767,39347,93.89,1532307,431.78,2.14,2.66,3.21,102.241,108.2708,3,2.9,3.46,3,-7.4,-11.6,-3.2,-11.6,-10.6,-4.5,3.2,94.7
"9/1/2005",92,95.9,107.9,96.7,6361329,94.6,102.4,92.9,93.7,92,94,95,94,101.38,67919,39410,93.95,1514656,451.42,2.23,2.79,3.26,101.6614,107.7194,2.9,2.8,3.3,2.9,-3.8,-7.8,0.4,-4.5,-11.6,-13.4,3.2,95.9
"10/1/2005",94.6,97.8,104.9,98,6270021,94.8,102.6,93.1,93.7,92.6,94.3,95.2,94.5,102.78,69639,39430,95.45,1516634,438.99,2.41,3.06,3.49,101.3008,107.1614,3.1,3,3.48,3.1,0.4,-4.6,5.5,1.4,-5.1,-10.2,3.3,97.3
"11/1/2005",91.8,96.6,108.1,99.3,6335364,95.4,102.9,92.9,93.8,92.8,94.4,95.2,94.9,102.36,67567,39460,95.23,1484891,461.35,2.64,3.12,3.49,100.5658,106.1882,3.3,3.3,3.7,3.3,-0.4,-3.8,3.1,-8.6,-12.9,-8.1,3.5,96.7
"12/1/2005",94.9,96.5,112,98.8,6258251,95.3,102.9,93,93.8,93.3,94.6,95.4,95.5,100.68,69710,39468,95.28,1534400,479.59,2.71,3.08,3.34,100.5536,106.2118,3.3,3.2,3.65,3.3,1.4,-3.4,6.3,11.9,-11.3,2.1,3.5,98.2
"1/1/2006",88.2,97,100.6,99.6,6013300,95.4,102.6,93.2,93.9,94.5,94.7,95.4,96,102.14,64732,39298,96.28,1473603,507.28,2.77,3.28,3.56,101.2637,106.9207,3.3,3.3,3.68,3.3,5.7,1.2,10.4,23.5,4.5,20.3,4,101.6
"2/1/2006",88.3,97.5,104.9,100,5825823,97.2,102.9,93.4,94,95,94.9,95.6,96.1,102.81,64721,39309,95.45,1430234,522.2,2.85,3.32,3.58,100.5202,105.9083,3.4,3.4,3.81,3.4,8.6,4.9,12.5,22.3,3.2,11.9,4.7,102.5
"3/1/2006",80.5,96.6,103.1,99.1,5441566,96.3,102.5,93.3,94,95.3,94.9,95.8,96.2,101.85,58880,39330,95.45,1377598,538.49,3.08,3.59,3.84,101.3267,106.7765,3.6,3.6,4.02,3.6,10.1,6.8,13.4,14,1,19.5,5.1,102.7
"4/1/2006",95.9,98.9,107.8,101.7,6309574,99.2,102.8,93.7,94.2,96,95.4,96,96.8,102.99,69912,39424,94.48,1507542,543.12,3.17,3.79,4.08,102.3775,107.9862,3.8,3.9,4.26,3.8,11.7,9.4,14,22.2,-0.5,34.5,5.4,103.6
"5/1/2006",99.1,100.3,110,102.1,6808996,99.6,103.5,93.8,94.3,96.1,95.6,96.2,97,102.87,72149,39565,95.82,1545045,512.65,3.2,3.7,4.03,103.3744,109.8621,3.9,3.9,4.29,3.9,13.1,14.9,11.3,30.9,5.2,49.8,5.9,105.5
"6/1/2006",98.5,99.7,106.6,100.6,6690594,99.9,103.8,93.9,94.4,96.1,95.6,96.3,97.1,101.83,71524,39684,96.6,1522244,510.4,3.38,3.88,4.17,103.56,110.4755,3.9,3.9,4.31,3.9,14.6,16.8,12.4,20.4,-8.9,54.2,7.1,104.9
"7/1/2006",101.1,101.5,108.8,103.4,6784924,100.6,102.5,94,94.4,96.6,96.2,96.5,98.1,103.1,73158,39731,97.02,1526859,509.95,3.39,3.74,4,103.8558,110.6146,4,4,4.37,4,13.2,17.3,9.1,15.6,-3.8,57.5,7.9,104.7
"8/1/2006",100.4,102.2,108.7,106.8,6848405,101.3,103.3,94.1,94.5,97.1,96.4,96.6,98,102.48,72579,39767,95.98,1528643,526.07,3.48,3.63,3.87,103.8886,110.5738,3.9,3.9,4.24,3.9,12.7,17.4,8.1,11.4,-3.8,56.1,8.5,104.5
"9/1/2006",100.8,102.1,107.4,105,6983583,102.5,101.7,93.9,94.7,96.7,96.4,96.5,97.2,103.31,72567,39790,99.13,1532610,540.58,3.56,3.58,3.73,103.714,110.3708,3.8,3.8,4.13,3.8,13.7,22.2,5.6,12.4,-8.8,62.3,8.7,105.4
"10/1/2006",100.4,101.8,104.2,104.6,6859286,102.9,102.3,94.1,94.9,96.7,96.9,96.9,97.2,102.68,72300,39816,95.9,1541067,562.87,3.7,3.74,3.84,103.1299,109.6603,3.8,3.9,4.22,3.8,15.5,25.5,5.9,6.9,0.2,64.4,8.9,106.1
"11/1/2006",103.8,103.6,109.2,105,7180687,105.1,102.6,94.2,94.9,96.9,97,97.1,97.2,103.72,74587,39905,97.36,1529127,567.14,3.7,3.66,3.77,103.6976,110.3674,3.8,3.9,4.21,3.7,16.6,27.1,6.6,10.3,-6.4,63.9,9.1,107.4
"12/1/2006",104.8,104.7,103.9,105.8,8053715,104.3,105.5,94.4,95,97.2,97.3,97.2,97.1,103.18,75112,39991,97.62,1561553,595.11,3.85,3.91,3.99,104.6959,111.5151,3.9,3.9,4.29,3.8,19.9,30.6,9.7,35.7,-16.6,59.9,9.1,107.3
"1/1/2007",105.4,105.1,114.4,107.1,7060275,105.8,100.9,94.9,95.5,97,97.4,97.1,96.4,104.02,75578,40049,97.99,1581363,614.9,3.95,4.04,4.15,104.0588,110.6408,4.1,4.1,4.47,4,18.6,28.4,9.3,37.5,-5.1,-5.1,8.6,107.5
"2/1/2007",104.8,105.6,108.3,110.3,7219547,106.3,102.9,95.1,95.6,97,97.4,97.1,96.5,104.26,75053,40125,97.89,1590877,609.66,3.92,3.9,4.01,104.5325,110.9944,4.1,4.2,4.48,4.1,15.7,23.4,8.2,53.3,2.9,-16,4.8,105.8
"3/1/2007",101,106.1,111.4,110.3,6775346,106.8,102.6,95.2,95.7,96.8,97.4,97.2,96.6,104.29,72327,40164,98.85,1537528,632.05,4.02,4,4.11,105.2468,111.8594,4,4.1,4.39,4,16.8,23.8,10,53.1,15.9,-12.3,4.4,106.8
"4/1/2007",96.4,105.2,111.6,109,6588114,106.2,105.4,95.5,96.2,96.7,97.7,97.3,96.9,103.24,69112,40240,99.08,1531732,674.14,4.14,4.18,4.28,106.1398,112.6431,4.2,4.3,4.58,4.2,17.4,24.5,10.6,61,29.6,-6.5,4.5,108.2
"5/1/2007",97.7,107.1,109.6,112.5,6586577,108,100.4,95.6,96.2,97.2,97.9,97.4,97.1,105.22,70064,40279,100.41,1527138,713.41,4.33,4.39,4.44,106.1631,112.3955,4.4,4.4,4.69,4.3,17.7,24.8,10.8,69.5,33.6,-4.1,5.7,108.5
"6/1/2007",97.2,107,105.4,116.5,6619809,107.3,101.6,95.7,96.3,97.2,98,97.6,97.6,104.78,69681,40307,100.65,1504061,722.14,4.39,4.52,4.61,105.7406,111.8605,4.6,4.7,4.95,4.6,15,21.9,8.3,69,28.7,9.1,7.4,108.7
"7/1/2007",98.4,107.8,111,111.3,6692967,108.1,101.7,96,96.4,97.1,98.1,97.6,97.7,104.99,70525,40355,100.89,1535876,688.3,4.36,4.32,4.42,106.3166,112.5304,4.6,4.7,5.51,4.6,14.5,22.3,7.1,64.8,27.9,9,8.4,108.4
"8/1/2007",98.2,108,103.8,111.9,6744095,108.2,102,96,96.5,97.2,98.3,97.6,97.1,105.17,70384,40400,100.26,1540559,687.8,4.11,4.16,4.36,106.0223,112.4965,4.4,4.6,5.51,4.3,13.7,22.3,5.4,48.4,9.2,6.4,8.3,107.3
"9/1/2007",98.9,109.1,107.4,111.9,6804812,109.8,102,96.4,96.7,97.3,98.2,97.6,97.6,106.26,70986,40419,100.11,1547550,706.08,4.08,4.22,4.43,107.0284,113.4979,4.3,4.5,5.59,4.3,11.9,20.2,3.9,40.7,2.3,-2.4,7.3,105.3
"10/1/2007",99.1,109.2,127,116.9,6690944,110.4,101.7,96.7,97.1,97.9,98.8,97.7,98.7,105.3,71060,40503,101.04,1552306,725.43,4.12,4.11,4.29,108.0464,114.3109,4.4,4.5,5.5,4.3,11.7,20.6,3.2,39.1,-0.7,-12.9,6.4,105.7
"11/1/2007",97,109,116.1,119,6686969,110.2,100.7,97.4,97.4,99,98.9,97.9,99.7,105.54,69549,40528,102.18,1558594,703.13,3.94,3.9,4.21,109.5612,116.1441,4.2,4.4,5.26,4.1,10.8,19,2.9,24.1,0,-21.8,4.7,103.6
"12/1/2007",100.6,110.2,112.5,117.9,6559492,110.8,99.1,97.4,97.5,99.1,98.9,98,99.8,107.34,72179,40540,102.45,1580214,716.65,4.07,4.2,4.46,109.5936,115.9604,4.3,4.5,5.5,4.3,8.2,15.6,1,23.6,-1.7,-10.7,4.4,103.2
"1/1/2008",110.1,111.7,126.2,115.1,7579778,113.9,102.1,97.7,97.6,99.6,99.1,98.5,100.4,106.17,78771,40704,102.32,1629396,610.83,3.63,3.63,4.1,110.1631,116.5849,4.1,4.2,5.49,4,8.7,19.5,-1.7,28.7,-4.7,-8.8,4.5,102.6
"2/1/2008",110.7,111.4,107,115.4,8510204,113.6,102.8,97.8,97.7,100.1,99.5,98.7,101.3,106.63,79153,40750,103.32,1662615,605.77,3.48,3.46,4.1,109.8466,116.3889,4,4.1,5.53,3.9,7.9,18.4,-2,14.6,-0.5,-15,4.5,102.6
"3/1/2008",99,110.7,110.2,113.4,7421844,112.4,100.7,98,97.9,100.5,99.8,98.7,101.1,107,70556,40779,103.22,1551550,587.24,3.71,3.69,4.12,112.5248,119.808,3.9,4.1,5.5,3.8,9.4,20.7,-1.3,15,1.5,-10.2,4.6,102.3
"4/1/2008",94.2,111,108.5,114.1,7004760,112.8,101.2,98,97.9,101.3,100,98.7,101.4,107.54,66951,40788,105.62,1563278,624.02,3.95,3.98,4.33,113.6178,121.105,4.2,4.4,5.9,4.1,6.2,17.8,-4.8,23.3,11.6,-4.7,4.6,100.8
"5/1/2008",96.6,108.7,103.6,111.2,7060651,111.1,100.8,98.5,97.9,102.3,100.4,99.3,103.6,105.73,68449,40792,103.88,1550220,639.1,4.32,4.32,4.55,113.0096,120.3069,4.4,4.6,5.89,4.3,6.2,17.5,-4.5,13.4,-4.3,-20.4,5,100.3
"6/1/2008",97,109.9,106.1,107.3,6985216,111.1,100.2,98.9,98.1,103.3,100.6,99.8,105.2,107.48,68465,40826,103.06,1533123,580.4,4.6,4.57,4.72,112.7324,120.0947,4.8,5.1,6.28,4.7,2.6,14.6,-8.8,7.5,-7.2,-23.7,4.3,97.8
"7/1/2008",95,108.1,110.7,106.6,7028116,109.2,100.3,99.1,98.2,105,101.2,100.2,105.7,106.09,66874,40881,105.09,1538866,578.57,4.44,4.36,4.56,112.8494,120.3496,4.8,5.1,6.42,4.7,-4.1,9.5,-16.9,-8,-20,-26.2,3.4,93.8
"8/1/2008",98.7,110.3,101.2,108.7,7170659,112.5,101.6,99,98.4,104.7,101.4,100.2,104.8,108.6,69231,40883,104.69,1524144,577.15,4.28,4.03,4.27,110.6695,117.4956,4.5,4.7,6.13,4.3,-8,6.2,-21.3,-21.8,-16.8,-27.9,1.8,90.8
"9/1/2008",97.4,107.7,106.6,101.4,6989245,109.8,102.8,99.1,98.5,105,101.2,100.1,104.4,106.27,68072,40937,104.77,1545338,513.1,3.24,3.72,4.25,109.0392,116.0915,4.4,4.8,6.41,4.2,-11.6,0.4,-22.9,-15.7,-14.1,-12.8,1.5,90.1
"10/1/2008",96.4,105.3,101,94.8,7015344,108.8,101.4,99,98.6,105,101.1,99.6,101.5,106.69,67239,40982,104.6,1537309,431.88,2.39,3.22,4.08,105.7,113.4588,4.2,4.8,7.6,3.9,-18.1,-2.6,-32.5,-27.5,-12.9,-18.2,1.7,85.2
"11/1/2008",96.4,100.8,98.9,87.9,6943709,103.3,102.4,98.7,98.6,103.6,100.4,98.9,99,105.91,67031,40980,104.57,1567357,397.61,1.98,2.7,3.53,104.9749,112.7709,3.7,4.3,7.23,3.5,-28.9,-16,-40.9,-30.1,-6.9,-6.7,1.9,79.4
"12/1/2008",99.7,96.9,97.1,82,6790640,97.6,102.6,98.5,98.7,103.1,100,98.1,95.6,102.88,69103,40988,105.62,1544121,411.51,1.61,2.46,3.28,110.2526,118.7736,3.3,4,6.94,3.1,-36.2,-26,-45.8,-32.4,-15.4,-6.3,2.1,74
"1/1/2009",93,89.2,98.4,75.7,6499189,88,99.5,98.6,98.8,101.5,99.3,97.6,94.7,99.56,64377,41025,102.02,1516279,371.65,1.22,2.57,3.65,110.0407,118.7734,3.3,3.8,6.53,3.1,-35.9,-28.6,-42.8,-32.9,-20.5,15.5,2.2,74.9
"2/1/2009",94.8,86.4,89.8,73.5,6821315,84.6,98.5,98.8,99,100.9,98.9,97.4,94.4,98.15,65570,41040,100.38,1540212,330.22,1.05,2.32,3.5,108.946,117.8271,3.2,3.8,6.22,3,-38.2,-37,-39.3,-27.9,-11,14.6,2.3,73.3
"3/1/2009",100.7,86.8,93.1,76.4,6918869,86.1,98.7,98.5,99,100.1,98.4,97,93.4,98.05,69624,40994,97.85,1554040,348.98,0.92,2.29,3.43,111.2294,120.3811,3.2,3.8,6.47,3,-41,-43.2,-38.7,-32.8,-11.4,13.9,2.5,72.4
"4/1/2009",100.6,84.2,98.2,76,7043317,83.8,100.6,98.5,99.1,98.5,98.1,96.7,92.4,96.03,69602,40966,96.86,1556532,409.86,0.99,2.48,3.61,110.3782,119.143,3.3,3.8,6.28,3.1,-36.4,-41.5,-31,-31.2,-8,12.4,2.5,74.6
"5/1/2009",99.5,88.1,98.9,78.8,6944842,86.3,98.3,98.6,99.1,98.6,97.9,96.7,92.4,96.85,68756,40894,97.21,1549140,424.44,0.91,2.73,3.93,110.9829,119.6722,3.3,3.6,6.23,3.2,-34.7,-42.3,-26.8,-28.3,-9.3,12.5,2.6,76.8
"6/1/2009",100.5,88.8,100.1,82,6940123,88,96.6,99,99.3,98.4,97.8,96.8,92.9,96.46,69395,40838,96.83,1555002,415.07,0.84,2.61,3.74,112.0988,120.8922,3.5,3.8,6.21,3.3,-29.8,-41,-17.8,-22.6,-3.3,14.5,2.7,79.8
"7/1/2009",98.5,87.9,101,85.2,6817543,87.1,98.4,98.7,99.3,97,97.7,96.6,92,95.66,67982,40828,96.69,1548547,457.15,0.73,2.61,3.66,111.7934,120.7475,3.3,3.5,5.22,3.2,-26.1,-37.7,-13.7,-14,1.8,25.1,3,82.2
"8/1/2009",102.7,89.1,103.2,86,6886911,87.8,97.8,99,99.4,97.5,98,96.8,93.1,96.31,70855,40828,96.85,1555237,473.16,0.73,2.57,3.49,111.7712,120.8572,3.2,3.4,4.67,3.1,-19.1,-33.8,-3,-7.5,8.8,31.1,3.4,87.9
"9/1/2009",101,93,101.2,89,6800894,91.5,98.6,98.9,99.4,97.1,97.9,96.8,92.5,97.07,69661,40841,99.13,1549244,494.35,0.72,2.53,3.49,113.0671,122.2622,3.1,3.2,4.76,3,-15.4,-30.8,1.5,3.4,16,36.5,3.8,90
"10/1/2009",99,91,102.1,86.7,6853761,90,98.8,99,99.4,97.1,97.9,97,93.4,96.93,68333,40808,98.08,1549643,470.69,0.85,2.54,3.59,114.3709,123.2757,3.1,3.2,4.7,3,-14.1,-29.6,2.8,8.7,12.9,26.1,4.2,92.4
"11/1/2009",99.5,92.1,98,89.3,6722166,90.8,99.4,99.1,99.4,97.5,98.1,97.2,94.1,97.57,68579,40825,97.38,1567919,488.51,0.8,2.32,3.4,114.1926,123.2176,3.1,3.2,4.42,3,-10.7,-26.1,6.2,0.9,6.2,26.3,3.9,92.6
"12/1/2009",100.3,92.1,104.2,87.8,6705240,91.5,100.3,99.3,99.6,97.6,98.1,97.7,94.8,96.87,69141,40851,98.44,1544718,516.05,0.77,2.52,3.63,113.1139,121.9533,3,3,4.76,2.9,-10,-24.1,5.1,1.7,15,21.2,3.6,93.9
"1/1/2010",85.4,92.9,93,91.2,5419902,91,97.5,99.4,99.6,98,98.2,97.9,95.6,97.84,58680,40800,98.38,1451911,489.82,0.69,2.33,3.46,110.9086,119.2917,3,3.1,4.35,3,-8.7,-20.7,4,1.5,12.5,25.4,3.4,94.2
"2/1/2010",84.8,92.2,105.3,91.3,5093240,91.5,99.5,99.4,99.7,97.9,98.4,98.3,96.3,97.35,58428,40791,98.45,1418629,487.81,0.51,2.17,3.39,108.1313,116.2625,2.9,3,4.42,2.8,-10.2,-22.9,3.4,-5.6,12,24.2,3.3,95.1
"3/1/2010",100.1,95.4,104,95.7,6331040,94.3,99.8,99.7,99.8,98.3,98.6,98.7,97.6,97.83,68819,40857,98.73,1547394,535.64,0.54,2.19,3.37,107.3819,115.0965,2.8,2.9,4.24,2.8,-6,-17.2,6,4.5,13.5,23.4,3.2,97.8
"4/1/2010",105.3,96.9,99.5,98.5,7041245,95.9,99.4,100,100,99.1,99.2,99.4,99.2,99.49,72274,40926,97.15,1626159,536.2,0.48,2.07,3.27,106.0502,113.3191,2.8,2.8,4.27,2.7,3.4,-5.6,12.8,22.5,35.2,21.6,3.4,103.2
"5/1/2010",104.2,99.8,98.3,98.9,7069669,99.5,100.3,100,99.9,99.6,99.8,99.9,99.9,99.14,71406,40969,97.42,1608078,519.01,0.23,1.61,2.89,102.7501,109.6327,2.5,2.6,4.34,2.4,4.8,-2.3,12.1,3.9,23.7,18.1,3.7,102.5
"6/1/2010",103.7,99.6,98.7,101.1,7151288,100.4,100.5,100,99.9,100.2,100,100.3,101.1,99.28,70860,41017,100.97,1603159,518.87,0.29,1.54,2.82,100.595,107.4008,2.3,2.5,4.41,2.2,6.6,3,10.2,5.5,8.2,30.4,3.5,103.8
"7/1/2010",103.6,99,100.2,100.2,7077276,98.9,101.5,99.9,99.9,100.6,100.2,100.3,101,98.66,70690,41032,98.68,1594225,535.45,0.54,1.78,2.92,102.4481,109.7656,2.4,2.5,4.05,2.3,14.3,12.2,16.5,36.8,29.1,27.9,3.7,107.6
"8/1/2010",104.7,100.8,101.3,102.8,6986766,100.9,100.9,100,100,100.5,100.4,100.5,101.1,100.16,71384,41078,100.1,1584274,517.45,0.42,1.32,2.27,102.1389,109.4831,2.2,2.3,3.75,2.1,16.8,16.3,17.3,46.6,36,27.9,4.1,109.1
"9/1/2010",104.6,102.2,101.2,101.4,7139454,101.6,100.2,100.1,100.1,100.8,100.8,100.9,101.2,100.38,71123,41121,101.37,1595096,545.46,0.6,1.48,2.42,102.4593,109.8911,2.1,2.3,3.67,2,17.4,18.1,16.8,53.5,45.2,30.7,4.4,110.8
"10/1/2010",107.2,104.3,105.4,102,7273635,104.8,100.5,100.3,100.2,101.1,100.9,100.9,100.9,101.2,72800,41152,101.6,1614199,578.36,0.86,1.78,2.73,106.1065,113.8754,2.2,2.4,3.48,2.1,20.8,21.4,20.1,56,36,22.5,5,111.4
"11/1/2010",105.5,103.7,98,107.5,7070258,105.5,100.3,100.4,100.3,101.5,101.3,101.2,102,101.55,71546,41223,102.54,1605331,586.34,0.67,1.8,2.91,104.8131,112.5562,2.4,2.6,3.56,2.3,22.5,24,21.1,65.8,44.9,39.3,5.2,112.5
"12/1/2010",82.7,105,91.8,104.3,6443918,107,100.5,100.7,100.4,102.1,101.7,102,104,101.89,56053,41280,104.47,1489488,611.3,0.56,1.99,3.19,102.5664,110.0115,2.6,2.9,3.79,2.5,22.2,24.6,19.9,58.8,40.3,33.8,5.5,112.8
"1/1/2011",109.6,105.2,96.4,108.7,6868738,106.3,100.7,101.1,100.5,103.2,102.3,102.6,104.9,101.98,74038,41308,104.75,1590425,623.85,1.04,2.44,3.36,102.3746,110.0373,2.8,3,3.86,2.7,20.4,23.2,17.8,58.8,37.7,41.8,5.6,111
"2/1/2011",113.5,106.6,103.6,109.9,7716334,107.6,102.2,101.2,100.6,103.8,103.1,102.7,105.6,102.59,76528,41382,105.24,1642129,639.16,1.1,2.4,3.33,103.4823,111.4349,3,3.2,4.01,2.9,23,29,17.2,57.1,42.9,38.9,5.8,112.6
"3/1/2011",116.9,107.4,106.1,106.3,7905583,108.8,99.6,101.7,100.7,104.4,103.2,102.9,106.7,102.95,78716,41432,106.26,1700237,622.97,1.32,2.71,3.54,105.2028,113.2401,3.1,3.3,3.95,3,22.4,30.3,14.7,49.5,40.5,34.3,5.8,112.1
"4/1/2011",113.4,107.8,103.6,107.9,7684008,109.3,101.2,102,100.9,105.2,103.5,103.1,106.8,103.23,76300,41484,107.15,1670033,660.86,1.46,2.67,3.45,106.9707,115.0309,3.2,3.5,4.08,3.1,20.6,29.8,11.8,47.3,35,34.2,6,111.4
"5/1/2011",114.4,109.1,105.2,111.5,7913053,109.2,98.5,102,101.1,105.2,103.7,103.2,106.3,105.25,76880,41532,106.74,1696195,644.78,1.4,2.38,3.2,105.9246,114.1508,3,3.3,4.23,2.9,21.2,32.8,10.1,46.1,25.9,31.5,5.9,111.1
"6/1/2011",109.7,107.4,103.3,110.8,7499882,109.3,101.2,102,101,105.3,103.8,103.2,105.9,102.19,73682,41582,106.56,1668227,651.43,1.39,2.27,3.16,105.9786,114.308,2.8,3.1,4.17,2.7,21.2,32.7,10.3,50.3,44.6,35.1,5.6,110.9
"7/1/2011",113.3,110.5,108.3,108.1,7561122,111.9,101.9,102.1,101.1,105.9,104,103.5,106.5,104.26,76062,41575,106.37,1689423,630.15,1.11,1.87,2.8,104.9864,113.2408,2.7,3.1,4.16,2.6,19.7,32.4,7.7,44.6,34.6,34.1,5.6,110.1
"8/1/2011",112.8,110.2,103.3,107.7,7573161,111.9,101.6,102.2,101.3,105.8,103.9,103.3,106,104.63,75606,41647,107.38,1684083,517.06,0.65,1.36,2.35,104.7266,113.6691,2.3,2.6,4.38,2.1,13,28.4,-1.3,13.4,27.6,36.9,5.4,106.3
"9/1/2011",110.9,108.2,103.4,103.8,7572271,110.8,101.2,102.5,101.5,105.9,103.9,103.4,106.4,104.06,74363,41688,107.88,1673991,487.21,0.38,1.24,2.11,103.6963,112.7626,1.9,2.4,4.55,1.7,9.6,25.2,-4.9,4.8,35.1,29.7,5.3,104.7
"10/1/2011",112.8,109.3,101.2,105.7,7715194,110.8,102,102.6,101.5,106.2,103.8,103.5,106.5,105.4,75586,41719,107.92,1687389,541.57,0.42,1.26,2.32,103.936,113.3106,2,2.5,4.62,1.9,7.8,23.4,-6.7,-6.2,36.5,31.2,5.2,103.3
"11/1/2011",116.6,108.5,109.6,102.3,7820417,110,101.3,102.8,101.6,106.2,103.8,103.8,107.2,104.65,78066,41757,109.96,1697412,536.67,0.1,1.32,2.5,103.4753,112.7571,1.9,2.4,4.44,1.7,7.4,24.2,-8.1,-7.2,31.1,40.3,5.3,102.8
"12/1/2011",109.2,106.6,104.5,104.5,8066202,108.5,102,102.7,101.6,105.7,103.8,103.9,107.7,103.5,73102,41816,109.47,1714600,520.73,-0.02,0.87,1.99,101.6506,110.9092,1.9,2.4,4.56,1.7,7.6,22.6,-6.5,-0.9,34,27.4,5.4,103.5
"1/1/2012",114.9,107.6,107.1,102.7,7992581,109.4,99.8,103.1,101.9,106.2,104,104.5,108.7,104.94,76789,41905,109.56,1745024,570.03,0.09,0.84,1.99,99.7663,108.5538,1.7,2.2,4.33,1.6,9.4,23.2,-3.6,7.5,34.1,41.8,5.6,103.4
"2/1/2012",97,107.7,111.9,103.5,6854185,111.1,100.8,103.5,102.1,106.6,104.4,104.7,109.3,105.65,64820,41907,110.71,1617578,604.24,0.13,0.85,1.97,100.5165,109.0186,1.7,2,4,1.6,10.6,22.9,-1,5.9,41.3,39.2,5.7,103.7
"3/1/2012",117.2,109,113.1,105.8,7872197,111.9,101.3,103.9,102.3,107.1,104.6,104.7,109.8,105.37,78228,41953,111.21,1749467,612.14,0.12,0.86,1.99,100.6591,109.2575,1.7,2,3.97,1.6,10.4,21.7,-0.4,7.2,34.3,38.6,5.9,103.2
"4/1/2012",110.5,106.8,110.9,103.6,7726807,109.7,101.3,103.9,102.3,107.2,104.7,104.9,109.4,104.18,73647,41976,112.13,1730064,600.43,0.04,0.66,1.8,100.2557,109.0531,1.6,1.9,3.89,1.5,11.4,22.5,0.9,8.5,33,27.6,5.9,104.1
"5/1/2012",113.8,108.9,104.6,105.4,7880327,112.2,101,103.9,102.5,106.9,104.7,104.7,108.8,105.8,75716,42016,113.77,1714202,557.68,0,0.44,1.38,98.7981,107.7972,1.4,1.7,3.8,1.2,6.8,17.8,-3.6,19.6,32,32,5.8,102.4
"6/1/2012",111.5,107.6,105.5,102.7,7809138,110.7,101.9,103.8,102.6,106.6,104.7,104.7,107.6,105.41,74071,42044,113.09,1720169,568.84,0.03,0.68,1.73,97.916,107.0964,1.3,1.6,3.48,1.2,2.7,15.9,-9.6,3,40.1,32.7,5.7,101.6
"7/1/2012",113.2,108.7,104.7,103.1,7863851,111.5,101.1,104,102.6,106.5,104.4,104.8,108.2,105.55,75109,42086,111.45,1726830,599.13,-0.1,0.41,1.45,96.0862,104.9516,1.2,1.4,3.04,1.1,0.6,14.3,-12.2,-5.6,36.3,35.8,5.7,98.7
"8/1/2012",111.8,109.1,112.1,102.8,7800400,112.7,100.8,104.3,102.7,106.9,104.5,105.2,109.2,105.51,73966,42124,112.93,1728781,614.82,-0.06,0.44,1.46,95.979,104.9518,1.2,1.3,3.63,1.1,-0.8,13.3,-14,-18.9,31.6,33.1,5.8,98
"9/1/2012",113.9,107.3,105,100.4,7852985,110.1,101.6,104.6,102.8,107.2,104.8,105.2,108.5,106.02,75243,42129,112.63,1733733,635.3,-0.04,0.53,1.54,98.0225,107.3205,1.3,1.3,3.94,1.2,-3.1,9.2,-14.7,-17.2,23.9,33,6,96.6
"10/1/2012",112.6,105.8,127.1,104.4,7691925,108.8,101.1,104.7,103.1,107.3,105,105.1,108.3,104.78,74266,42173,113.7,1749220,642.25,-0.01,0.55,1.6,98.6205,107.9208,1.3,1.3,3.8,1.2,-2.8,7.6,-12.7,-15.8,29.9,33.9,6,95.6
"11/1/2012",114.6,105.1,101.2,101.5,7711594,108.3,101,104.7,103.3,107.5,105.2,105.3,108.4,104.43,75469,42205,114.87,1734736,655.92,-0.03,0.45,1.47,98.0237,107.3458,1.1,1.2,3.57,1.1,-2.9,6,-11.3,-14.6,17.8,29.4,6.1,97.3
"12/1/2012",106.4,105.9,103.4,102.5,7296460,108.6,99.6,104.7,103.5,107.2,105.2,105,107.7,105.97,69971,42210,112.51,1718265,673.11,-0.04,0.39,1.38,99.468,108.9321,1.1,1.1,3.34,1.1,-2.2,3.6,-7.9,-17.9,21.2,20.1,6,98
"1/1/2013",105.2,104.8,107.4,101.9,7050967,107.2,101.2,104.9,103.3,107.8,105.4,104.9,107.4,104.8,69185,42222,114.62,1695129,690.49,0.14,0.77,1.65,101.1001,110.4514,1.3,1.2,3.39,1.3,2.2,9.5,-4.9,-11.3,36,35.3,5.8,99.7
"2/1/2013",106,105.8,111.2,103.8,7196733,108.2,100.7,105.2,103.5,107.5,105.3,104.7,107.4,105.09,69695,42244,114.93,1692169,692.13,-0.01,0.48,1.52,102.2931,111.5798,1.3,1.3,3.31,1.3,5.6,8.4,2.9,-2.5,31.8,37,5.7,100.4
"3/1/2013",99.1,107.1,106.7,105.9,7080975,110.8,100.9,105.2,103.7,107.2,105.2,104.8,107.3,104.85,65106,42225,113.33,1666613,695.76,-0.03,0.31,1.32,100.7857,109.7771,1.2,1.1,3.07,1.1,3.7,6.8,0.7,0.6,29.4,36.2,5.9,100.7
"4/1/2013",115.2,107.6,108.2,103.3,7681600,110.7,101.3,105.3,103.8,107,105,104.4,106.1,106.29,75610,42230,115.98,1796729,705.55,-0.01,0.35,1.26,100.9187,109.9569,1.1,1,3,1,0.4,1.7,-0.8,-1.5,30.8,37.6,6,99.6
"5/1/2013",115.1,106.7,108.9,103.5,7805066,110.3,101.7,105.6,104.2,106.8,105,104.3,105.6,103.61,75471,42283,119.18,1800210,743.16,-0.01,0.5,1.51,100.991,110.1465,1.1,1,2.85,1.1,2.7,6.6,-1.2,-0.2,33.9,37.7,6.2,100.4
"6/1/2013",117.8,108.6,116.6,108.3,8071288,109.6,101,105.8,104.4,106.6,104.9,104,105.2,107.71,77157,42296,113.77,1799603,710.59,0.06,0.74,1.76,102.0896,112.2209,1.3,1.3,3.24,1.3,4.6,7.6,1.5,1.1,36.2,36.5,6.5,101
"7/1/2013",118.6,106.5,117.5,105.1,8303606,108.7,101.7,106,104.5,106.5,104.7,104,105.4,105.34,77598,42343,116.75,1819706,740.14,0.06,0.71,1.76,102.0131,112.21,1.4,1.3,3.38,1.3,5.2,8.6,1.9,4.3,42.8,40.7,6.8,101.3
"8/1/2013",118,109.7,109,105.9,8206236,111.8,101.2,105.9,104.4,106.5,104.8,104.1,105.6,106.2,77248,42363,117.17,1812861,728.73,0.08,0.85,1.94,102.7453,113.6792,1.5,1.4,3.46,1.5,9.7,13.2,6.2,1.8,37.2,44.4,7,103.4
"9/1/2013",117.9,108.4,109.3,108.7,8224057,111.1,102,106.1,104.5,106.7,104.7,104.2,105.6,106.45,77162,42383,116.86,1813050,770.59,0.07,0.69,1.82,102.4938,113.5976,1.6,1.5,3.85,1.6,10.3,12.3,8.4,10.7,33.7,45,7,104.8
"10/1/2013",115.2,107.7,110.8,108.1,8112304,110.7,101.2,105.9,104.6,106.6,104.8,104.1,105.2,105.25,75329,42422,117.6,1817786,810.48,0.08,0.65,1.75,103.431,114.5486,1.5,1.4,3.75,1.5,10.8,13.5,8.1,11.3,32.7,44.4,7.1,105
"11/1/2013",118,110.1,115.5,109.2,8301588,113.2,103,106.1,104.9,106.6,104.9,104.1,105.2,106.92,77157,42448,118.09,1814714,841.59,0.07,0.66,1.82,103.1115,114.3892,1.4,1.3,3.61,1.4,12.7,14,11.3,20.3,45.2,45.7,7.1,105.8
"12/1/2013",119.3,110,115.5,108.5,8324923,112.5,100.1,106.2,104.9,106.8,105.1,104.1,105.2,106.24,78027,42477,117.01,1833317,853.14,0.13,0.95,2.11,104.2391,115.9175,1.5,1.4,3.5,1.5,12.6,13.7,11.5,23.3,39.5,46.1,7.4,105.9
"1/1/2014",122.8,109.9,116.7,109.8,8736737,114.4,101.6,106.3,105.2,106.6,105,104.1,104.8,106.4,80254,42534,118.98,1884176,834.36,0.06,0.61,1.73,103.8036,115.9312,1.5,1.4,3.41,1.5,15.6,17.4,13.8,35.3,46.2,50,7.6,106.4
"2/1/2014",126.3,110.4,113.7,109.8,9053531,113.3,102.4,106.4,105.2,106.6,105.1,104,104.6,106.77,82451,42585,119.18,1913887,869.31,0.08,0.61,1.67,103.9413,116.3877,1.3,1.2,3.38,1.3,16.8,19.9,13.8,31.9,48.6,48.9,8.3,106.9
"3/1/2014",121.3,110.6,110.7,107.4,8970824,113,103.2,106.4,105.3,106.2,104.9,103.7,103.8,107.34,79079,42611,118.39,1910420,856.42,0.13,0.61,1.65,105.0198,117.6026,1.3,1.2,3.39,1.3,17.5,23.3,11.9,33.2,45.6,55.5,8.5,106.6
"4/1/2014",118.5,110.1,114.9,110.1,8513701,112.9,102,106.6,105.4,106,104.9,103.7,103.6,106.08,77188,42668,119.44,1848179,858.51,0.13,0.6,1.61,104.8774,117.2101,1.3,1.1,3.33,1.3,16.8,23,10.8,32.1,52.3,48.6,8.5,106.8
"5/1/2014",115.3,108.9,109.1,106.4,8205171,111.4,101.8,106.5,105.3,105.8,104.8,103.6,103.5,106.36,75035,42677,121.99,1834485,889.9,0.05,0.44,1.42,104.2118,116.2453,1.2,1,3.15,1.2,14.4,20.7,8.3,38.5,47.8,49.5,8.5,106.5
"6/1/2014",119.4,109.3,104.6,106,8121782,112.9,103.4,106.7,105.4,105.8,104.8,104,103.9,106.07,77555,42714,120.18,1833834,881.17,0,0.38,1.31,103.3431,115.3087,1.1,0.9,3,1.1,12.6,19.9,5.6,46.2,47.2,53.2,8.6,105.1
"7/1/2014",118.7,111.2,111.7,112.4,8101210,114.2,101.9,106.9,105.6,105.7,104.9,104,103.6,107.74,77114,42747,121.01,1835885,840.72,0,0.35,1.21,102.899,114.809,1,0.8,2.78,1,10.1,17.4,3,45.9,54.7,51,8.9,104.7
"8/1/2014",117.1,107.5,106,106.5,8125524,111.3,103.1,106.9,105.7,105.7,105,104.1,103.6,105.47,75977,42737,120.13,1846426,846.53,-0.03,0.23,0.95,102.1792,114.1884,0.9,0.7,2.74,0.9,7.6,14.2,1.2,10.4,50.1,49.3,8.9,103.2
"9/1/2014",119,109.4,105.1,108.2,8103541,113.1,101.9,107,105.8,105.7,104.9,104.2,103.9,105.94,77128,42761,121.26,1852561,844.57,-0.08,0.19,0.99,100.5258,112.4284,0.8,0.7,2.65,0.8,5.7,14.4,-2.7,4.4,43.4,42.5,8.6,101.9
"10/1/2014",118.4,109.7,105.9,111.1,8200045,114.2,103.1,106.8,105.9,105.5,104.9,104.4,103.8,107.13,76688,42791,121.72,1849269,833.99,-0.04,0.15,0.89,99.6894,111.8287,0.7,0.6,2.58,0.7,1.5,9.4,-6.1,4.3,46.9,45.6,8.4,102
"11/1/2014",119.9,109.9,106.4,108.6,8221054,114.1,103.9,106.8,105.9,105.6,104.8,104.4,103.1,107.15,77590,42790,121.9,1871007,891.6,-0.02,0.1,0.75,99.4581,111.8937,0.7,0.6,2.47,0.7,2.3,10,-5.1,1.6,48.5,47.5,8.5,102
"12/1/2014",120.8,111.2,107.6,112.9,8217761,115.2,104.3,106.3,106,105,104.7,104.2,101.3,107.46,78134,42822,121.92,1871174,879.54,-0.1,0.02,0.6,99.4337,112.8069,0.6,0.5,2.41,0.6,4.8,12,-2.1,14.5,41,49.1,8.7,102.9
"1/1/2015",122.2,110.6,117.5,109.5,8471105,115.7,105.5,106,106,104.3,104.5,104.4,100.3,106.61,79033,42813,122.32,1897723,959.2,-0.16,-0.07,0.35,95.5031,108.5029,0.4,0.4,2.32,0.4,7.3,15.4,-0.5,22.5,47.8,57.4,9,104
"2/1/2015",118.9,110.7,114.7,108.4,8605278,115.3,105.3,106.6,106.4,104.4,104.4,104.7,101.4,106.54,76769,42848,122.97,1887905,1022.6,-0.21,-0.12,0.33,93.561,106.7169,0.3,0.4,2.2,0.3,7.8,14,1.7,27.2,50.6,59.1,9.3,104.5
"3/1/2015",119.8,110,112.2,109.6,8655344,115.2,104.9,106.7,106.4,104.4,104.4,105.3,102.3,106.81,77209,42914,124.39,1901311,1068.54,-0.25,-0.11,0.22,90.8632,103.5113,0.3,0.3,2.14,0.2,9.9,14.8,5.1,36.8,53.1,63,9.7,105.9
"4/1/2015",117.8,110.6,107.7,111.4,8267349,116.9,105.1,107,106.6,104.4,104.5,105.4,102.9,107.42,76079,42942,125.56,1904130,1027.34,-0.26,-0.02,0.36,89.975,102.1618,0.2,0.3,2.04,0.1,12.9,19.5,6.6,35.3,55.1,58.3,10,106.1
"5/1/2015",118.2,111.4,112.5,111.2,8193365,117.7,105.6,107.2,106.7,104.4,104.6,105.2,102.7,107.29,76306,42969,125.89,1886018,1027.09,-0.25,0.01,0.56,91.7293,104.3315,0.5,0.5,2.22,0.5,12.1,19.7,4.8,38.3,52,62.6,10.1,106.1
"6/1/2015",116.6,110.1,108.2,113.3,8202689,115.3,104.8,107.1,106.7,104.3,104.6,105.2,102.4,107.1,75361,43002,125.27,1900297,985.54,-0.27,0.11,0.86,92.45,105.5781,0.7,0.7,2.4,0.7,9.6,18.1,1.5,24.9,57.2,57,10.2,106.4
"7/1/2015",115.8,111.3,107.1,110.7,8306088,117.4,106.2,107.1,106.7,104.3,104.7,105.2,101.8,107.55,74988,43041,125.25,1892495,1020.93,-0.27,0.03,0.68,91.4713,104.6156,0.6,0.6,2.4,0.6,11,19.2,3.1,18.4,58.6,55.4,10.1,106.4
"8/1/2015",116.3,110.6,107.1,108.7,8182969,116.1,105.8,107,107,103.9,104.6,104.9,100.4,107.4,74978,43076,124.64,1910001,935.45,-0.25,0.07,0.71,93.0973,107.4802,0.5,0.6,2.38,0.5,11.6,20.2,3.3,16.6,53.5,52,10.1,106.6
"9/1/2015",117.2,109.4,114.8,107.5,8160264,114.3,105.9,107,107.1,103.5,104.4,104.6,99.6,107.28,75676,43128,125.46,1908760,885.74,-0.27,-0.01,0.61,93.9735,109.0771,0.6,0.6,2.73,0.5,10,18.2,2.1,6.4,47.7,50.4,9.9,106.9
"10/1/2015",119.8,110.3,109,109.3,8411767,116.6,105.8,107,107.3,103.1,104.2,104.6,99.5,107.62,77460,43164,125.32,1951395,985.88,-0.34,-0.1,0.51,93.8313,108.5319,0.5,0.5,2.83,0.4,10,16.4,3.7,-2.9,47.7,45.9,9.9,105.6
"11/1/2015",122.2,109.7,125.4,110.9,8539581,114.2,106.3,107.1,107.3,103,104.1,104.8,99.5,107.35,78963,43213,125.81,1967105,1029.47,-0.41,-0.18,0.49,91.2611,105.3735,0.4,0.5,2.76,0.4,10.1,15.9,4.5,-5.3,44.4,48.9,9.4,106.5
"12/1/2015",122.5,109.9,130.3,110.7,NA,116.3,107.4,106.7,107.3,102.6,104.1,104.4,98.3,106.91,NA,43263,126.18,NA,979.19,-0.39,-0.01,0.7,92.6283,107.4221,0.5,0.5,2.7,0.4,9.5,15.9,3.3,2.9,50.8,49,9.3,106.2
"1/1/2016",120.4,113.4,NA,110.6,NA,117.1,107.3,106.6,107.4,101.8,103.9,103.9,96.5,108.6,NA,43337,126.61,NA,897.13,-0.46,-0.26,0.34,93.7637,109.2303,0.4,0.5,2.78,0.4,8.1,17.3,-0.7,4.2,47.2,52.7,9.4,105.6
"2/1/2016",NA,NA,NA,NA,NA,NA,NA,106.5,107.4,NA,NA,NA,NA,NA,NA,NA,NA,NA,872.56,-0.53,-0.42,0.11,94.9661,110.7269,0.2,0.4,2.78,0.1,5.1,16.1,-5.4,3.4,56.7,52.7,9.4,104.9
