"date","ConstrProd","IP","ConstrNO","INO","ConstrTurn","ITurn","RetTurn","CPI","CPIEN","PPI","PPIEN","EPI","IPI","HW","ConstrHW","Empl","GWMan","GWConstr"
"Transform:",1,1,1,1,1,1,1,1,1,1,1,1,1,1,1,1,1,1
"1/1/1991",105.7,94.5,107.1,87.1,13565077,82.5,NA,80,80.5,94,92.9,92.9,93.2,154.69,149072,39163,99.13,4065695
"2/1/1991",84.8,92.7,108.3,84.6,12386761,81,NA,80.2,80.8,94.1,93,92.8,92.4,153.84,121390,38994,99.48,3580819
"3/1/1991",98.2,92.5,106.9,84.7,13131178,80.6,NA,80.2,81.1,93.9,93.2,93,92.8,151.62,142195,38866,99.49,4308806
"4/1/1991",97.2,92,103.8,83.6,13823067,79.9,NA,80.6,81.4,94.6,93.5,93.4,93.8,149.38,135393,38850,100.43,4237314
"5/1/1991",96.1,90.7,109.6,83.6,13835401,79.8,NA,80.8,81.6,94.7,93.5,93.3,93.7,147.99,132686,38760,103.52,4182451
"6/1/1991",96.2,94.2,112.5,84.3,13830985,81.3,NA,81.3,81.9,94.9,93.7,93.4,94,148.47,130078,38630,104.48,4212707
"7/1/1991",97.1,92,111,82.7,14099845,80.5,NA,82.1,82.4,95.6,93.9,93.6,94.1,146.64,132575,38526,101.64,4188310
"8/1/1991",96.3,91.1,114.7,85.3,13879901,79.7,NA,82.4,82.7,95.6,94,93.5,93.8,144.75,130035,38378,102.02,4192658
"9/1/1991",97.5,89.9,122.8,80.9,14138415,79.1,NA,82.5,82.7,95.9,94.1,93.5,93.1,144.39,131555,38312,101.55,4288382
"10/1/1991",98.5,91.7,115.5,83.9,14179917,80.9,NA,84,84.3,95.8,94.2,93.5,93.2,143.14,132810,38339,101.51,4360359
"11/1/1991",100.3,92.8,117,84.1,14621549,82.5,NA,84.3,84.5,95.9,94.3,93.5,92.8,143.35,137177,38343,101.54,4431550
"12/1/1991",100.8,92.1,115.7,84.4,14172939,79.9,NA,84.3,84.6,95.9,94.3,93.4,91.8,140.84,137905,38308,101.58,4436969
"1/1/1992",104.7,93.4,120.1,85.2,15040620,83.1,NA,84.6,85.1,95.5,94.5,93.6,91.5,142.32,141212,38323,102.15,4443131
"2/1/1992",111.2,94,128.6,86.7,16147082,83.7,NA,84.9,85.4,95.9,94.7,93.8,91.8,142.03,148559,38289,103.25,4736564
"3/1/1992",107.7,92.2,119.6,84.1,16338567,82.4,NA,85.2,85.7,96.2,95.1,93.9,92.1,140.82,146133,38235,102.83,4825099
"4/1/1992",105.9,92.2,115.8,83,16196498,82.5,NA,85.6,86.1,96.5,95.3,94.2,92,139.45,141740,38193,103.22,4529285
"5/1/1992",107.1,91.7,116.6,81.2,16065531,82,NA,85.9,86.2,96.5,95.5,94.2,91.9,138.56,141589,38159,102.96,4775446
"6/1/1992",105.9,90.2,120.1,79.7,15812627,80.7,NA,86.1,86.7,96.8,95.7,94.2,91.6,136.42,138872,38098,104.03,4720854
"7/1/1992",103,88.8,113.9,77.3,15707796,79.5,NA,86.3,86.9,96.6,95.7,94.1,90.9,134.58,135935,38047,106.14,4756977
"8/1/1992",106.6,89.5,113.6,78.9,16367231,80,NA,86.4,86.9,96.6,95.8,94,90.2,135.22,137981,37970,104.24,4708947
"9/1/1992",106.4,88.2,116.9,78.1,16299131,79.9,NA,86.5,87.1,96.5,95.8,93.9,89.7,133.44,139384,37903,103.85,4798293
"10/1/1992",104.6,88.1,118,74.8,16186862,78.5,NA,86.9,87.5,96.3,95.6,93.7,89.8,132.88,136113,37853,103.09,4756337
"11/1/1992",106.8,87,118.7,75.4,16394524,77.9,NA,87.1,87.8,96.4,95.7,93.9,90.1,130.79,139138,37812,103.15,4983289
"12/1/1992",114.6,85.2,136.5,75.3,19139703,77.7,NA,87.2,87.9,96.4,95.7,93.9,90,129.27,148832,37776,102.4,5049927
"1/1/1993",107.1,83.7,124.3,74.7,16979475,75.9,NA,88.4,89.1,96.3,95.7,93.8,89.8,127.64,143064,37796,100.8,4889770
"2/1/1993",107.1,82.2,121.3,73.5,15637612,75.6,NA,88.9,89.6,96.5,95.7,93.8,90,124.61,138249,37756,99.54,4940843
"3/1/1993",111,82.9,122.8,70.7,16485069,75.3,NA,89.1,89.8,96.5,95.6,93.9,90,124.07,140071,37708,98.72,5079506
"4/1/1993",110.7,82.2,119.6,71.9,17009265,75.1,NA,89.5,90.2,96.4,95.7,93.8,89.4,122.98,143321,37646,99.37,5073496
"5/1/1993",111.2,82.5,118.8,74.5,16806205,74.1,NA,89.5,90.3,96.3,95.5,93.9,89.2,121.77,142896,37573,98.18,5048994
"6/1/1993",109.9,81.9,119.6,72.5,16962032,73.6,NA,89.9,90.7,96.3,95.5,94,89.5,120.32,141657,37557,98.37,5087137
"7/1/1993",108.1,80.3,125,72.9,16949399,73.5,NA,90.1,91,96.4,95.7,94.2,90.3,119.61,138879,37504,99.7,5088694
"8/1/1993",112.7,83.9,123.6,73.3,17065815,76.3,NA,90.4,91.3,96.4,95.7,94.1,89.9,120.98,143674,37468,98.11,5086491
"9/1/1993",111.2,83.1,121.6,73.9,17189097,74.8,NA,90.4,91.4,96.1,95.5,93.8,88.9,119.16,143158,37452,98.3,5158242
"10/1/1993",112.6,83.2,131.7,74.9,17246136,74.6,NA,90.7,91.6,96.1,95.4,94,89,118.94,143811,37413,98.14,5182414
"11/1/1993",104.9,82.7,131.8,74.5,16992133,74.1,NA,90.8,91.7,96.2,95.5,94.1,89.4,117.63,133839,37399,97.45,5147777
"12/1/1993",107.8,83.2,134.2,76,17269982,75.2,NA,90.8,91.7,96.3,95.6,94.4,89.5,117.84,138814,37424,98.36,5076507
"1/1/1994",119.7,82.2,143,73.2,18743503,74.5,100.5,91.3,92,96.4,95.5,94.5,89.7,117.15,155399,37504,97.76,5544188
"2/1/1994",110.3,83.9,132.7,76.3,18524662,75.4,100.6,91.5,92.3,96.6,95.6,94.5,90,116.62,140216,37532,96,5278520
"3/1/1994",124.8,83.9,132.7,77.4,18536840,75.8,101.5,91.7,92.5,96.7,95.7,94.5,89.7,116.27,154333,37497,97.22,5691703
"4/1/1994",119,84.7,132.6,77.5,18547066,76.8,98.7,92,92.8,96.6,95.7,94.5,89.8,116.84,150214,37451,95.35,5376986
"5/1/1994",118.2,84.7,133.3,77.2,18475371,76.8,99,92.1,92.9,96.7,95.8,94.5,90.2,115.46,149504,37469,95.11,5404821
"6/1/1994",119.5,85,129.8,79,18675075,76.9,99.4,92.3,93.2,96.7,95.8,94.5,90.7,115.34,150365,37474,95.48,5442198
"7/1/1994",117.7,84.9,126.5,78,18506460,77.8,99,92.5,93.4,96.7,95.9,94.6,90.5,114.52,145859,37465,95.29,5403023
"8/1/1994",120.5,85.4,129.9,77.4,18565168,77.4,100.2,92.9,93.6,96.8,96,94.6,90.2,114.56,150283,37503,95.57,5433902
"9/1/1994",120,86.2,129.3,80.2,18964683,78.8,100.6,92.8,93.7,96.7,96.1,94.9,90.3,114.63,149573,37543,96.21,5485995
"10/1/1994",124.4,87.8,132.1,81.2,19247800,80.4,100.6,92.9,93.7,97,96.4,95.2,90.5,114.74,152068,37558,96.32,5540072
"11/1/1994",128.2,88.4,141.2,82.3,19649535,81.2,100.3,93.1,93.9,97.4,96.8,95.6,90.9,114.11,157566,37572,94.98,5745821
"12/1/1994",124.4,88.4,142.8,84.1,20705120,80.8,102.7,93.1,94,97.6,97,95.8,91.6,114.24,152892,37584,99.4,5824942
"1/1/1995",109.9,85.2,145.9,79.5,19505093,81.1,99.7,93.2,94.1,98,97.7,96.1,91.7,113.98,134982,37602,95.77,5345520
"2/1/1995",128.9,86.9,133.3,81.1,20623688,82.5,102.3,93.5,94.4,98.4,98,96.1,91.5,113.3,158009,37606,94.72,5899139
"3/1/1995",122.5,86.5,128.8,79.7,19939159,81.9,101,93.6,94.6,98.6,98.2,95.9,90.6,112.19,150277,37626,97.57,5901123
"4/1/1995",122.8,86.7,126.6,79.2,18976137,82,100.9,93.6,94.5,98.5,98.3,95.8,90.4,112.18,150066,37656,97.91,5627280
"5/1/1995",121.5,87.4,121.7,81.1,19081212,82.6,101.8,93.8,94.8,98.5,98.3,95.9,90.4,112.81,148262,37596,96.12,5691149
"6/1/1995",119.8,86.3,122.6,78.8,18979085,82.3,102.5,93.9,94.9,98.6,98.4,96,90.3,111.9,146003,37591,96.4,5503588
"7/1/1995",120.2,86.1,123.6,80.2,18578752,81.1,100.9,93.9,95,98.4,98.4,96.1,89.9,111.48,145807,37594,96.76,5484344
"8/1/1995",119.4,85.4,124,77,18813927,81.5,102,94.1,95.2,98.5,98.6,96.4,90.5,110.77,145422,37583,96.94,5396377
"9/1/1995",117,86.9,126.6,79.6,18827663,81.8,101.1,94.3,95.3,98.6,98.7,96.5,90.7,110.71,142307,37564,97.07,5295220
"10/1/1995",118.6,84.7,126.1,76.1,18405436,80.4,99.9,94.3,95.5,98.6,98.7,96.3,90.1,108.82,143536,37594,97.22,5336414
"11/1/1995",122.9,85.3,133.9,78.1,18741135,80.3,101.4,94.4,95.6,98.5,98.6,96.2,90.1,109.16,148825,37578,97.64,5965368
"12/1/1995",107.1,85,120.4,77.7,18982662,80.9,101.6,94.5,95.5,98.7,98.6,96.2,90.5,107.85,129550,37601,98.22,5304683
"1/1/1996",99.3,85.1,128.5,77.6,16603682,81.7,100.4,94.4,95.6,97.3,98.5,96.2,90.7,107.96,118684,37555,98.15,5326082
"2/1/1996",90.5,84.3,118.7,76.6,14995342,79.9,99.7,94.7,95.8,97.3,98.3,96.2,90.5,107.13,108415,37517,97.8,4938386
"3/1/1996",98.9,85,113.9,78.5,15693699,80.6,99.6,94.9,96,97.2,98.2,96.3,90.9,106.94,117639,37465,96.2,5055566
"4/1/1996",114.6,85.3,112.8,78.8,17553774,81.8,101.5,95.1,96.1,97.1,98.1,96.3,91.1,105.99,136068,37540,96.28,5254196
"5/1/1996",116.5,85.9,116.4,79.4,18421488,81.6,100.1,95.2,96.3,97.2,98.2,96.3,91,105.81,137980,37582,95.64,5315877
"6/1/1996",119.9,86,119.1,80.8,18894033,81.9,100.3,95.3,96.5,97.1,98.2,96.2,90.7,105.2,141314,37540,95.95,5289492
"7/1/1996",116.1,85.1,117.6,79.5,18681114,81.1,100.9,95.3,96.6,97,98,95.9,90.4,104.67,135662,37535,95.44,5190023
"8/1/1996",117.1,86.9,120.6,79.6,18955961,81.9,100.7,95.4,96.5,97,98,95.7,90.1,104.96,137126,37492,95.8,5100566
"9/1/1996",118.3,87.3,116.4,78.9,18624857,83.4,101.5,95.5,96.5,97.3,98.1,95.9,90.7,104.57,137252,37450,96.07,5066547
"10/1/1996",114.1,86.1,120.6,80.8,18460442,82.5,100,95.9,96.7,97.6,98.2,96.2,91.5,103.46,131692,37398,95.11,4966143
"11/1/1996",113.7,87.4,116.4,80.4,18665284,83.6,100.1,95.8,96.7,97.7,98.3,96.1,91.5,104.29,131005,37421,95.27,5324750
"12/1/1996",115.7,87,117.1,79.1,18859763,83.6,99.4,95.9,96.9,97.8,98.4,96.3,92.2,103.48,132700,37414,95.04,5131323
"1/1/1997",91.6,85.9,111.7,81.3,16340520,83.1,100.3,96.4,97.2,97.9,98.2,96.6,93.1,102.45,106741,37341,94.83,4776320
"2/1/1997",105.7,87.4,120.4,81.3,17777515,83.4,99,96.5,97.4,98,98.3,96.8,93.5,102.56,122899,37388,95.53,4931464
"3/1/1997",106.6,88.2,109,82.8,18132804,84.9,98.5,96.4,97.3,97.9,98.2,97,93.6,102.82,124050,37413,94.51,5181651
"4/1/1997",108,88.1,106.9,84.4,18137781,84.5,100.4,96.4,97.4,98.1,98.4,97.1,93.4,101.82,125525,37430,94.55,4985981
"5/1/1997",107.5,87.1,109.7,83.4,17829620,84.9,99,96.7,97.7,98.3,98.7,97.3,93.7,98.99,125331,37439,93.93,4963467
"6/1/1997",108.9,90.1,110.3,84.7,17972972,86.4,100.3,96.8,97.8,98.3,98.7,97.5,93.8,102.3,126081,37451,94.53,4912696
"7/1/1997",109.7,91,107.7,84.3,17713514,88,98.9,97.3,98.5,98.5,98.9,97.7,94.8,103.37,126651,37493,94.09,4797088
"8/1/1997",106.6,88.5,109.7,85.2,17397211,86.9,95.8,97.6,98.6,98.8,99,98,95.5,100.12,123493,37531,94.05,4745051
"9/1/1997",108.2,89.5,108.2,86.4,17399545,87.1,98.8,97.6,98.6,98.8,99.2,98,94.8,101.23,124744,37495,93.79,4720927
"10/1/1997",107.4,90.7,112.3,86.8,17583971,87.7,100.6,97.7,98.7,98.8,99.2,98.1,94.8,102.34,123642,37524,94.21,4622973
"11/1/1997",106.3,91,106.2,85.7,17188917,89,98.2,97.8,98.9,98.8,99.2,98.1,94.6,101.85,122112,37520,95.3,4840924
"12/1/1997",106,91.9,110.4,86.1,17045620,89.2,98.2,97.9,99,98.9,99.3,98.1,94.5,102.45,121688,37474,94.58,4736207
"1/1/1998",104.5,92.7,108,88.9,17779040,88.7,99.4,97.5,98.8,98.7,99.3,98.1,94.2,101.04,119284,37540,94.74,4809441
"2/1/1998",102.4,92.7,111,88.1,17276534,89.5,99.6,97.6,98.9,98.7,99.4,98,93.6,102.12,116607,37595,95.31,4803681
"3/1/1998",105.4,93.7,111.6,88.5,19966095,90.6,101.3,97.6,98.9,98.7,99.4,98,93.1,102.04,119371,37671,94.8,4847687
"4/1/1998",102.3,93.2,111.5,88.7,16396538,90.1,99.5,97.7,99,98.4,99.2,97.9,92.8,102.09,115608,37750,95.59,4800123
"5/1/1998",104.2,93.5,107.9,88.2,16214813,90.7,99.7,98.1,99.4,98.4,99.2,97.7,92.1,101.61,117500,37824,95.86,4642459
"6/1/1998",105,92.7,109.3,87.8,16399053,90.8,98.8,98.1,99.5,98.3,99.2,97.6,91.7,101.71,118371,37876,96.34,4566573
"7/1/1998",105,94.5,115,87.6,16818116,91.2,100.7,98.2,99.6,98.2,99.2,97.5,91.3,102.66,118029,37945,95.91,4459662
"8/1/1998",103.5,92.9,108.2,86.1,16505278,89.9,99.2,98.2,99.6,98,99.1,97.3,90.6,101.04,116355,38033,96.63,4481032
"9/1/1998",103.3,92.1,115.3,87.7,16442510,88.6,100.2,98.2,99.6,97.9,99,97.2,89.6,101.2,115515,38109,96.43,4427396
"10/1/1998",101.8,92.8,111.9,85.3,16394490,89.6,99.2,98.3,99.7,97.4,98.7,96.9,89,101.61,113746,38170,96.92,4379823
"11/1/1998",100.6,91.5,113.2,83.9,16139439,88.1,102.2,98.3,99.8,97,98.6,96.8,88.8,100.9,112022,38182,96.76,4376507
"12/1/1998",98,91.8,109.3,84.4,15813555,89.6,100.9,98.3,99.9,97,98.6,96.7,88.2,101.34,108617,38198,99.43,4399793
"1/1/1999",107.3,93.2,115.4,85.8,8863154,89.5,101,97.7,99.3,96.4,98.2,96.3,88,101.66,118766,38232,95.78,2375747
"2/1/1999",95.2,91.6,116.2,85.2,8293121,88.1,100.8,97.7,99.4,96.3,98.1,96.3,87.9,99.64,104747,38228,96.77,2302311
"3/1/1999",106.7,92.1,109.8,85,8310704,90.5,103.2,98,99.6,96.3,97.9,96.4,88.6,99.96,116901,38224,98.19,2372991
"4/1/1999",104.3,92.9,112.9,86.7,8811981,89.4,97.7,98.6,99.6,96.7,98,96.4,89.2,100.5,113947,38054,97.73,2413295
"5/1/1999",104.4,93.3,113.1,87.1,8683387,90.1,99.8,98.5,99.6,96.6,97.9,96.5,89.3,98.91,113866,38168,97.91,2342547
"6/1/1999",103.9,93.5,109.8,89.2,8685420,90.8,100.3,98.5,99.5,96.8,98,96.7,90,99.42,113271,38360,96.75,2296898
"7/1/1999",105,94,112.3,89.8,8739710,91.9,99.8,98.8,99.8,97.2,98.2,97,90.9,100.22,114224,38471,97.06,2255540
"8/1/1999",103.6,95,109.5,94.1,8581260,92.2,101,98.8,99.7,97.3,98.3,97.1,91.3,99.86,112591,38549,96.85,2237596
"9/1/1999",103.7,95,106.6,92.7,8757262,93.6,98.1,98.7,99.5,97.4,98.4,97.3,92,99.6,112079,38620,97.4,2240129
"10/1/1999",104.8,95.9,109.8,93.4,8665145,93.8,102,98.9,99.7,97.6,98.6,97.6,92.6,100.32,113161,38650,97.96,2233376
"11/1/1999",103,95.9,100.7,94.3,8500695,94.1,100.9,99.1,99.9,97.8,98.8,97.8,94,99.74,110881,38709,97.62,2151497
"12/1/1999",103,96.1,104.7,92.9,8505623,95.1,102.1,99.2,99.9,97.9,98.7,98.3,95.6,101.09,110353,38805,98.12,2243766
"1/1/2000",102.6,95.3,105.2,92,8842999,94,101,99.3,99.8,98.3,99,98.5,96.2,99.84,109272,38865,98.19,2323912
"2/1/2000",109.7,97.1,103.2,96.6,9095516,96.2,103,99.4,99.8,98.3,99.1,98.7,97.2,99.73,116885,38932,99.65,2376022
"3/1/2000",103.5,97.6,106.7,98.1,8779191,96.8,100.6,99.6,99.8,98.4,99.2,98.8,97.7,100.06,110373,39023,98.48,2315433
"4/1/2000",102.5,98.9,104.1,99.5,8422856,98.2,102.6,99.5,99.8,98.8,99.5,99.3,97.5,99.91,109199,39063,99.19,2275271
"5/1/2000",102,101.2,103.3,100.1,8595328,100.2,102.9,99.5,99.7,99.2,99.8,99.8,99.1,100.86,108672,39110,101.35,2245526
"6/1/2000",98.3,98.8,97,101.7,8096883,100.2,102.3,99.8,99.8,99.5,99.9,99.8,99.5,98.44,104643,39154,99.65,2187962
"7/1/2000",99.1,100.8,98.3,101.3,7966054,101,101.1,100,100,100.1,100.1,100.1,99.9,100.14,105468,39146,99.87,2135124
"8/1/2000",98.9,101.3,93.4,102.2,8112640,102,101.8,100,99.9,100.5,100.4,100.4,100.8,101.1,105012,39195,100.28,2132256
"9/1/2000",97,101.9,96.8,100.8,7996066,101.7,100.5,100.4,99.9,101.3,100.6,100.8,102.7,100.06,103059,39240,100.54,2104201
"10/1/2000",94.7,101.5,97.8,102.3,7763172,102.6,100.9,100.6,100.2,101.7,100.6,101.4,103.4,99.11,100593,39277,100.55,2097714
"11/1/2000",98.6,102.2,96.3,102.1,7902003,103.3,101.3,100.7,100.2,102.1,100.9,101.3,103.8,99.72,104604,39342,101.33,2070364
"12/1/2000",97.8,103,100.7,102.7,7942921,102.9,102.1,100.9,100.7,101.8,101,101.1,102.1,100.11,103543,39381,101.34,2119424
"1/1/2001",94.8,102.7,95.1,100.6,8141126,104.1,103.8,100.7,100.5,102.6,101.2,101,101.2,101.08,99880,39311,103.59,2126598
"2/1/2001",97.4,103.7,95.8,101.2,8167111,105.2,101.8,101.2,100.8,102.8,101.2,101,101.5,100.36,102139,39321,101.69,2165998
"3/1/2001",89.4,102.3,95.5,99.3,7748478,103.7,102.1,101.4,101,103,101.4,101,101,100.58,93415,39343,102.75,2055633
"4/1/2001",88.5,100.5,98.5,96.3,7397959,102.8,102.7,101.7,101.2,103.5,101.5,101.2,101.5,98.25,91996,39368,102.62,2051316
"5/1/2001",92.8,101.4,100.8,100,7700393,103.2,103.1,102.2,101.5,103.7,101.6,101.4,102.4,99.06,95717,39381,103.63,2053066
"6/1/2001",92.6,101.6,100.1,99.5,7678701,102.4,102,102.3,101.7,103.8,101.6,101.4,102.8,99.03,94813,39326,102.28,1994929
"7/1/2001",91.4,99,91.4,96.6,7643687,100.9,101.6,102.2,101.9,103.3,101.5,101.3,101.4,98.29,92830,39281,102.23,1984059
"8/1/2001",93.4,101.3,95.9,97.8,7656817,102.9,101.5,102.3,102,103.2,101.6,101,100.2,101.07,93879,39287,102.37,1960608
"9/1/2001",93.2,100.2,90.7,94.1,7423867,101.9,101.4,102.4,101.9,103.3,101.5,100.9,99.8,99.25,93095,39275,102.02,1928222
"10/1/2001",93.6,98.3,92.7,93.5,7367115,100.5,99.2,102.4,102.2,102.4,101.4,100.7,98.5,98.02,92755,39268,102.26,1951256
"11/1/2001",92.1,97.2,93.9,93.4,7428032,99.4,102.2,102.3,102.2,102.1,101.4,100.7,98.4,96.52,90748,39309,101.99,1922073
"12/1/2001",92.3,97.6,86.8,96.6,7355540,99.1,101.2,102.5,102.6,101.9,101.3,100.8,98.3,97.59,90223,39317,102.22,1941459
"1/1/2002",90.9,98.3,89.8,95.8,7595822,101.1,99.5,102.8,102.7,102.3,101.5,100.9,98.5,97.6,88547,39331,101.26,1946144
"2/1/2002",95.7,98.6,94.3,95.4,7716629,100.7,99.8,103.1,103,102.3,101.3,100.7,98.9,96.35,92965,39313,101,2007603
"3/1/2002",91.4,99.1,102,96.6,7563361,100.2,100.5,103.3,103,102.7,101.5,100.8,99.3,96.33,88541,39273,100.86,1984496
"4/1/2002",90.3,99.1,93.4,97.4,7548920,100.2,100.6,103.4,103,102.5,101.5,100.8,99.4,95.54,87038,39254,100.73,1946714
"5/1/2002",88.8,97.9,87.2,100.4,7284299,99.9,101.4,103.3,103,102.4,101.5,100.8,99,92.95,85399,39202,101.11,1889785
"6/1/2002",87.9,100.4,88.9,98.1,7207803,100.3,99.1,103.3,103,102.4,101.7,100.8,98.3,95.52,84213,39099,102.78,1858238
"7/1/2002",86.3,98.8,86.4,96.7,7176082,99.7,101.3,103.5,103.3,102.2,101.8,100.7,97.7,94.78,82517,39075,102.72,1868145
"8/1/2002",88,100.7,85.1,98.7,7012215,101.8,100.9,103.5,103.3,102.1,101.8,100.8,97.8,96.9,83888,39022,101.84,1837221
"9/1/2002",88.3,100.1,88.5,97.1,6962288,100.9,102.3,103.5,103.1,102.2,101.8,100.8,98.1,94.93,84196,38959,101.48,1835087
"10/1/2002",85.9,98.7,85.2,97.5,6948470,100.3,101.4,103.6,103.2,102.5,101.9,100.8,98.3,93.63,81678,38912,101.6,1827964
"11/1/2002",86.9,100.8,86.6,98.8,6963791,101.7,100,103.4,103.2,102.2,101.8,100.8,97.5,94.62,82444,38858,101.47,1811630
"12/1/2002",82.7,99,87.1,94.2,6664569,101.5,99.8,103.6,103.4,102.6,102,100.9,98.2,94.07,78359,38819,101.85,1795103
"1/1/2003",84.9,99.9,82.1,99.3,6474963,101,99.5,104,103.4,103.8,102,101.1,98.4,93.58,80266,38827,101.48,1763066
"2/1/2003",80.4,99.9,82.7,98.2,6617009,100.7,99.8,104.3,103.5,104.2,102.1,101.1,98.6,95.03,75846,38817,101.72,1710754
"3/1/2003",87.5,99.9,81.3,95.5,7044213,100.8,99.7,104.6,103.8,104.4,102.1,100.9,97.8,95.03,82448,38756,100.95,1851715
"4/1/2003",86.9,99.2,81.1,96.7,7514038,101.5,100.6,104.2,103.7,104.1,102,100.7,96.1,93.85,81779,38712,101.96,1817693
"5/1/2003",84.8,98.5,78.6,94.1,7060708,99.2,99.7,104,103.7,103.8,102,100.4,95,95.23,79560,38710,101.15,1791455
"6/1/2003",86.8,97.7,79.3,97.3,6931452,98.5,100.6,104.4,104,103.8,101.9,100.3,95.2,94.16,81338,38733,101.03,1774432
"7/1/2003",86.5,100,83.5,96.4,7083197,101.6,100.1,104.4,104,104.1,101.9,100.3,95.3,93.11,80824,38743,100.87,1752002
"8/1/2003",84.3,97.7,78.6,96.6,6967718,98.6,99.6,104.6,104.1,104.1,101.8,100.4,95.7,92.14,78721,38701,101.42,1726688
"9/1/2003",84.3,97.6,79.3,98.6,6790458,99.3,100.8,104.6,104.2,104.2,102,100.4,95.5,92.21,78630,38669,102.01,1733576
"10/1/2003",83.5,100.2,81.1,100,6930387,101.1,101.3,104.9,104.4,104.2,102,100.4,95.5,93.43,77777,38681,101.07,1710063
"11/1/2003",82.7,101.3,80,100,6912245,102.5,100.4,104.7,104.2,104.3,102.2,100.5,95.7,93.49,76795,38670,101.66,1693176
"12/1/2003",85.4,101.9,76.9,101.1,6743922,104,99.8,104.7,104.4,104.3,102.1,100.4,95.4,92.85,79169,38686,100.63,1710011
"1/1/2004",81.2,101.2,76.4,101.6,6783477,102.5,100.3,105.3,104.8,104,102.1,100.4,95.5,92.17,75160,38778,102.36,1687637
"2/1/2004",85.1,101.4,84.9,101.7,6984865,104.3,101.3,105.3,104.8,104.1,102.2,100.4,95.4,92.45,78528,38798,101.87,1714390
"3/1/2004",84.5,101.2,74.9,101.8,6931835,103.4,102.2,105.6,105.1,104.7,102.8,100.7,96.2,91.99,77826,38856,102.29,1727793
"4/1/2004",80.8,102.5,75.6,104,6681352,105.6,102.2,106,105.4,105,103,100.9,96.5,92.82,74186,38901,101.64,1685434
"5/1/2004",81.1,103.3,70.6,104,6563547,105.8,101,106.2,105.4,105.6,103.1,101.2,97.3,93.55,74262,38880,101.2,1669537
"6/1/2004",80.2,102.6,73.8,102.2,6616253,106.4,102.1,106.2,105.5,105.4,103.2,101.1,97.1,92.05,73132,38899,101.42,1675548
"7/1/2004",80.2,103.5,71.8,103.9,6486196,107,102.1,106.3,105.6,106.1,103.7,101.2,97.5,92.81,73089,38902,100.38,1635541
"8/1/2004",79.1,103.4,73.3,101.9,6416150,106,101.9,106.6,105.7,106.4,103.8,101.5,98,90.86,71810,38896,101.47,1637677
"9/1/2004",78.7,102.9,73.3,103.5,6437684,106.4,102.1,106.6,105.7,106.6,104,101.4,98.1,91.9,71364,38919,101.31,1621441
"10/1/2004",78.2,103.9,74.4,103.5,6443849,107,102.5,106.9,105.7,107.6,104.4,101.7,99.3,92.81,70707,38924,102.43,1593770
"11/1/2004",77.8,102.2,69.4,101.5,6239702,105.9,102.3,106.6,105.7,107.2,104.5,101.7,98.3,91.54,70106,38899,101.63,1551465
"12/1/2004",80,102.2,75,109.2,6328366,106.4,102.1,106.9,106.2,107.3,104.9,101.4,97.7,91.44,71894,38873,101.14,1597278
"1/1/2005",80.4,105,66.5,105.8,6222437,108.7,104.9,106.9,106.1,108.2,105.3,101.7,98.4,92.04,71998,38846,101.68,1576192
"2/1/2005",72.1,103.3,65.5,103.1,5719412,106.7,103.5,107.1,106.2,108.5,105.4,101.9,99,91.38,64507,38852,101.86,1510288
"3/1/2005",66.8,104.1,71,104.9,5328283,108.7,103.7,107.5,106.4,109.1,105.5,102,99.9,91.4,59627,38818,102.56,1471748
"4/1/2005",75.5,105.4,67.8,103.7,6118470,107.5,102.3,107.8,106.4,109.8,105.3,101.9,99.8,92.19,67382,38779,102.13,1525877
"5/1/2005",77.4,104.4,71.8,104.8,6299105,108,103.7,108,106.7,109.8,105.3,101.9,99.4,90.87,68912,38782,100.42,1537472
"6/1/2005",76.2,106.3,72,108.4,6334656,109.8,103.1,108.1,106.6,110.3,105.2,102.2,101.5,92.05,67723,38789,101.03,1541400
"7/1/2005",77.5,107,73.2,111.4,6352253,110.6,103.4,108.4,106.6,111,105.1,102.4,102.1,92.68,68762,38802,101.83,1507716
"8/1/2005",77.7,105.9,77.4,108.3,6215316,110.2,104,108.7,106.8,111.4,105.3,102.4,102.4,89.28,68831,38843,101.28,1521287
"9/1/2005",76.2,107.9,75.4,111.5,6382213,112.5,103.1,109.3,107,111.8,105.6,102.7,102.8,90.43,67341,38886,100.78,1507200
"10/1/2005",78.2,109.4,73.9,113.1,6290644,113.1,103.2,109.4,107.1,112.5,105.8,102.9,103.5,92.4,69155,38911,102.07,1501647
"11/1/2005",76.6,108.6,75,114.8,6266070,113.1,103.1,109.1,107.2,112.6,106.2,103.1,103.7,90.82,67560,38912,101.95,1484369
"12/1/2005",78.4,107.9,80.5,114.4,6125552,113.2,102.5,109.2,107.3,112.9,106.3,103.3,104.4,89.21,69078,38903,103,1522992
"1/1/2006",73.8,109.3,71.3,114.4,5890879,113.3,110.1,109.2,106.9,114.2,106.4,103.5,105.3,91.16,64855,38858,102.93,1468919
"2/1/2006",74.9,110,73.5,115.4,5804839,115.7,110.1,109.4,107.1,114.9,106.6,103.8,105.5,92.15,65635,38853,102.47,1444830
"3/1/2006",70.3,109.6,73.2,113.8,5612563,114.5,108.7,109.4,107.2,115.5,106.8,103.9,105.5,91.1,61566,38880,102.29,1414024
"4/1/2006",81.5,111.3,76.2,117.9,6318896,117.8,109.7,109.9,107.3,116.5,107.2,104.3,106.5,92.7,71211,38941,102.32,1514308
"5/1/2006",82.8,112.8,78.2,116.7,6904367,119.2,110.7,110.1,107.5,116.6,107.7,104.7,106.9,91.78,72097,39037,103.45,1551058
"6/1/2006",81.7,112.7,74.1,117.3,6670569,119.6,111.1,110.3,107.6,117.1,107.9,104.8,107.3,91.43,71032,39115,103.78,1519062
"7/1/2006",83.6,113.5,77.2,120.3,6769752,120.1,109.8,110.6,107.9,117.7,108.3,105.1,108.4,92.23,72538,39157,103.85,1522649
"8/1/2006",83.8,115.3,76.5,124.6,6870221,121.6,110.9,110.5,107.8,118,108.5,105.2,108,91.53,72628,39178,102.89,1516713
"9/1/2006",83.7,115,74.2,121.9,6994920,122,108.2,110.4,108.1,117.5,108.7,105.1,106.6,92.27,72169,39188,105.37,1522579
"10/1/2006",82.6,114.9,73.7,121.1,6903038,122.6,109.2,110.6,108.4,117.7,109,105.5,106.6,91.76,71353,39212,102.17,1526609
"11/1/2006",86.6,116.8,75,121.7,7102165,124.6,108.9,110.6,108.4,117.9,109.3,105.8,106.5,91.97,74567,39269,104.18,1532375
"12/1/2006",86.4,117.3,71.9,122.7,7815169,124.2,112.1,110.7,108.6,117.8,109.4,105.8,106.7,91.76,74214,39339,104.82,1545971
"1/1/2007",88.4,118.2,81.3,122.3,6908959,126.4,107.1,111.1,108.9,117.9,109.6,106,105.9,92.71,75839,39564,104.84,1574314
"2/1/2007",88.9,119.2,75.9,126.9,7224254,127.1,108.5,111.2,108.9,118.1,109.8,106.1,106.2,93.53,76238,39594,105.73,1606746
"3/1/2007",86.8,119.7,78.7,127.7,7022042,128.1,108.6,111.5,109,118.4,110,106.1,106.3,93.58,74629,39641,106.31,1583752
"4/1/2007",82.1,118.1,78.8,126.6,6650035,126.5,110.2,111.9,109.3,118.4,110.3,106.3,107,92.87,70441,39682,107.56,1539285
"5/1/2007",81.9,120.4,77.1,129.6,6677910,129.1,107.2,112.2,109.5,118.8,110.5,106.6,107.5,93.89,70354,39691,108.36,1532924
"6/1/2007",80.3,120,72.6,136.6,6572205,128.5,108.3,112.3,109.6,119.1,110.9,106.9,108.7,94.02,69061,39702,107.83,1497876
"7/1/2007",80.8,120.4,78.8,128.2,6693382,128.7,109,112.6,109.8,119,111,106.8,108.8,93.22,69483,39732,108.04,1534568
"8/1/2007",82.1,122.9,72.8,130.6,6776863,130.4,107.8,112.7,110,119.2,111.4,106.9,107.4,94.66,70626,39775,107.43,1526928
"9/1/2007",82.3,122.8,73,128.5,6804348,129.9,108.6,113,110.3,119.3,111.4,106.8,108,95.25,70839,39811,107.34,1535918
"10/1/2007",81.1,123.1,89.2,133.6,6760376,131.4,106.6,113.3,110.6,119.7,111.6,106.9,109.1,93.57,69838,39844,106.88,1539513
"11/1/2007",80.5,122,79.1,138.2,6625024,130.8,104.6,114,110.8,120.8,111.7,107.1,110.3,93.57,69541,39881,108.06,1564143
"12/1/2007",NA,NA,NA,NA,NA,NA,104.5,113.7,110.9,120.8,111.8,107.2,110.8,NA,NA,39911,NA,NA
"1/1/2008",NA,NA,NA,NA,NA,NA,NA,114.1,NA,NA,NA,NA,NA,NA,NA,NA,NA,NA
